No,Point,CH-A1,CH-A2,CH-A3,CH-A4,CH-A5,CH-B1,CH-B2,CH-B3,CH-B4,CH-B5
1,0.0,0.13,,,,,,,,,
2,13.0,0.09,0.1,,,,,,,,
3,26.0,0.18,0.19,0.12,,,,,,,
4,39.0,0.09,0.09,0.07,0.1,,,,,,
5,52.0,0.14,0.18,0.09,0.08,0.07,,,,,
6,65.0,0.23,0.11,0.14,0.14,0.32,0.14,,,,
7,78.0,0.18,0.13,0.25,0.13,0.14,0.12,0.09,,,
8,91.0,0.1,0.13,0.13,0.09,0.15,0.13,0.15,0.2,,
9,104.0,0.14,0.11,0.15,0.09,0.09,0.1,0.07,0.11,0.18,
10,117.0,0.07,0.12,0.09,0.12,0.1,0.09,0.07,0.09,0.21,0.1
11,130.0,0.11,0.19,0.34,0.26,0.18,0.23,0.07,0.24,0.27,0.27
12,143.0,0.09,0.11,0.11,0.11,0.08,0.12,0.08,0.23,0.4,0.19
13,156.0,0.25,0.11,0.19,0.2,0.22,0.22,0.1,0.29,0.43,0.16
14,169.0,0.09,0.09,0.18,0.19,0.08,0.12,0.33,0.23,0.53,0.13
15,182.0,0.1,0.11,0.13,0.11,0.17,0.14,0.09,0.11,0.13,0.11
16,195.0,0.15,0.27,0.12,0.11,0.23,0.18,0.47,0.19,0.24,0.24
17,208.0,0.14,0.14,0.14,0.14,0.09,0.19,0.14,0.21,0.09,0.13
18,221.0,0.13,0.13,0.14,0.15,0.1,0.17,0.14,0.16,0.15,0.17
19,234.0,0.07,0.09,0.08,0.11,0.07,0.09,0.13,0.12,0.19,0.16
20,247.0,0.08,0.08,0.08,0.09,0.06,0.13,0.1,0.3,1.76,0.12
21,260.0,0.1,0.09,0.09,0.13,0.12,0.12,0.11,0.15,0.15,0.13
22,273.0,0.09,0.09,0.06,0.11,0.08,0.11,0.13,0.1,0.19,0.12
23,286.0,0.16,0.15,0.15,0.19,0.2,0.14,0.15,0.15,0.34,0.16
24,299.0,0.07,0.13,0.22,0.08,0.12,0.14,0.12,0.16,0.46,0.13
25,312.0,0.08,0.11,0.06,0.09,0.13,0.15,0.12,0.09,0.12,0.09
26,325.0,0.16,0.25,0.22,0.13,0.13,0.27,0.27,0.21,0.25,0.17
27,338.0,0.14,0.43,0.19,0.11,0.08,0.27,0.21,0.14,0.25,0.09
28,351.0,0.16,0.17,0.2,0.13,0.1,0.11,0.37,0.25,0.32,0.08
29,364.0,0.64,0.14,0.16,0.1,0.08,0.23,0.22,0.14,0.15,0.11
30,377.0,0.15,0.31,0.45,0.1,0.07,0.08,0.23,0.27,0.14,0.1
31,390.0,0.11,0.22,0.22,0.16,0.13,0.14,0.36,0.18,0.15,0.12
32,403.0,0.11,0.07,0.06,0.13,0.1,0.09,0.14,0.17,0.14,0.15
33,416.0,0.14,0.13,0.27,0.12,0.18,0.09,0.23,0.41,0.19,0.14
34,429.0,0.14,0.13,0.14,0.26,0.08,0.11,0.11,0.25,0.37,0.11
35,442.0,0.12,0.09,0.17,0.2,0.1,0.1,0.1,0.07,0.15,0.14
36,455.0,0.16,0.18,0.12,0.14,0.18,0.25,0.15,0.23,0.16,0.17
37,468.0,0.25,0.18,0.18,0.26,0.2,0.24,0.16,0.27,0.28,0.14
38,481.0,0.13,0.16,0.24,0.12,0.24,0.36,0.26,0.15,0.23,0.19
39,494.0,0.1,0.12,0.1,0.21,0.13,0.35,0.8,0.65,0.44,0.3
40,507.0,0.29,0.08,0.19,0.16,0.16,0.53,0.4,0.35,0.7,0.16
41,520.0,0.07,0.17,0.16,0.24,0.24,0.48,0.43,0.17,0.25,0.21
42,533.0,0.14,0.19,0.17,0.16,0.36,0.54,0.58,0.22,0.19,0.2
43,546.0,0.14,0.24,0.06,0.24,0.21,0.2,0.44,0.53,0.17,0.16
44,559.0,0.15,0.1,0.13,0.08,0.11,0.21,0.37,0.23,0.09,0.08
45,572.0,0.11,0.23,0.08,0.09,0.13,0.15,0.17,0.33,0.33,0.11
46,585.0,0.26,0.18,0.25,0.18,0.34,0.28,0.22,0.29,0.4,0.31
47,598.0,0.17,0.24,0.14,0.22,0.12,0.36,0.28,0.34,0.71,0.36
48,611.0,0.22,0.22,0.14,0.31,0.16,0.19,0.18,0.38,0.39,0.37
49,624.0,0.22,0.15,0.12,0.19,0.12,0.15,0.15,0.2,0.28,0.25
50,637.0,0.32,0.18,0.1,0.08,0.27,0.08,0.12,0.16,0.16,0.17
51,650.0,0.45,0.68,0.29,0.16,0.16,0.13,0.13,0.13,0.11,0.19
52,663.0,0.31,0.42,0.29,0.38,0.2,0.24,0.13,0.14,0.23,0.15
53,676.0,0.33,0.25,0.15,0.09,0.1,0.16,0.19,0.25,0.18,0.19
54,689.0,0.23,0.15,0.35,0.1,0.1,0.1,0.32,0.34,0.13,0.25
55,702.0,0.16,0.2,0.12,0.21,0.11,0.31,0.49,0.16,0.37,0.15
56,715.0,0.12,0.19,0.27,0.25,0.16,0.74,0.64,0.38,0.25,0.23
57,728.0,0.37,0.21,0.19,0.32,0.26,0.38,0.65,0.65,0.64,0.29
58,741.0,0.37,0.3,0.18,0.33,0.22,0.38,0.29,0.43,0.39,0.29
59,754.0,0.18,0.57,0.32,0.34,0.34,0.66,0.28,0.35,0.35,0.17
60,767.0,0.73,0.41,0.29,0.36,0.34,0.2,0.46,0.46,0.45,0.27
61,780.0,0.1,0.43,0.29,0.34,0.28,0.28,0.19,0.4,0.43,0.39
62,793.0,0.24,0.39,0.47,0.58,0.13,0.33,0.27,0.42,0.44,0.26
63,806.0,0.15,0.34,0.33,0.19,0.32,0.26,0.34,0.42,0.44,0.17
64,819.0,0.12,0.15,0.22,0.29,0.2,0.36,0.15,0.4,0.3,0.31
65,832.0,0.09,0.17,0.16,0.3,0.16,0.16,0.12,0.18,0.14,0.1
66,845.0,0.19,0.12,0.11,0.22,0.17,0.29,0.28,0.35,0.25,0.23
67,858.0,0.14,0.14,0.18,0.21,0.15,0.18,0.21,0.2,0.25,0.27
68,871.0,0.26,0.1,0.14,0.23,0.34,0.14,0.19,0.24,0.34,0.22
69,884.0,0.23,0.31,0.2,0.23,0.54,0.64,0.11,0.26,0.15,0.4
70,897.0,0.14,0.35,0.15,0.13,0.32,0.42,0.14,0.2,0.13,0.15
71,910.0,0.31,0.24,0.51,0.39,0.46,0.44,0.38,0.35,0.12,0.14
72,923.0,0.25,0.24,0.13,0.25,0.39,0.41,0.24,0.18,0.37,0.11
73,936.0,0.26,0.12,0.14,0.12,0.19,0.16,0.19,0.13,0.16,0.12
74,949.0,0.32,0.32,0.17,0.11,0.16,0.32,0.35,0.2,0.11,0.12
75,962.0,0.23,0.21,0.15,0.14,0.12,0.19,0.15,0.14,0.34,0.18
76,975.0,0.12,0.16,0.18,0.29,0.18,0.19,0.27,0.22,0.22,0.2
77,988.0,0.28,0.37,0.25,0.37,0.18,0.49,0.34,0.22,0.35,0.3
78,1001.0,0.7,0.6,0.21,0.18,0.33,0.33,0.55,0.39,0.26,0.15
79,1014.0,0.62,0.65,0.26,0.32,0.31,0.17,1.05,0.22,0.27,0.21
80,1027.0,0.36,0.26,0.38,0.34,0.28,0.67,0.95,0.88,0.41,0.13
81,1040.0,0.25,0.13,0.44,0.34,0.2,0.41,0.53,0.15,0.3,0.34
82,1053.0,0.21,0.13,0.2,0.25,0.21,0.27,0.42,0.61,0.26,0.29
83,1066.0,0.15,0.19,0.17,0.26,0.32,0.29,0.28,0.33,0.23,0.56
84,1079.0,0.13,0.23,0.12,0.15,0.15,0.17,0.13,0.17,0.41,1.06
85,1092.0,0.11,0.11,0.16,0.2,0.07,0.21,0.1,0.07,0.21,0.29
86,1105.0,0.15,0.1,0.14,0.13,0.09,0.24,0.13,0.14,0.31,0.11
87,1118.0,0.54,0.19,0.12,0.18,0.15,0.36,0.2,0.29,0.33,0.18
88,1131.0,0.26,0.18,0.15,0.2,0.16,0.26,0.17,0.19,0.14,0.18
89,1144.0,0.33,0.17,0.19,0.11,0.13,0.35,0.29,0.16,0.19,0.25
90,1157.0,0.34,0.22,0.14,0.11,0.1,0.26,0.42,1.34,0.9,0.26
91,1170.0,0.16,0.12,0.11,0.15,0.09,0.15,0.17,1.14,0.47,0.1
92,1183.0,0.17,0.25,0.28,0.09,0.12,0.16,0.14,0.4,0.56,0.41
93,1196.0,0.11,0.27,0.1,0.14,0.17,0.13,0.12,0.25,0.58,0.23
94,1209.0,0.22,0.25,0.47,0.43,0.17,0.23,0.28,0.18,0.48,0.09
95,1222.0,0.44,0.19,0.23,0.31,0.17,0.25,0.21,0.21,0.62,0.43
96,1235.0,0.21,0.37,0.32,0.2,0.26,0.27,0.18,0.36,0.25,0.11
97,1248.0,0.34,0.45,0.31,0.4,0.17,0.25,0.49,0.29,0.57,0.19
98,1261.0,0.25,0.21,0.24,0.27,0.28,0.27,0.16,0.16,0.3,0.38
99,1274.0,0.17,0.13,0.38,0.46,0.3,0.27,0.24,0.36,0.3,0.17
100,1287.0,0.21,0.24,0.26,0.26,0.26,0.16,0.13,0.4,0.15,0.36
101,1300.0,0.1,0.13,0.34,0.17,0.16,0.08,0.17,0.34,0.34,0.13
102,1313.0,0.17,0.45,0.25,0.34,0.42,0.34,0.17,0.21,0.48,0.24
103,1326.0,0.12,0.15,0.18,0.38,0.35,0.42,0.35,0.17,0.33,0.45
104,1339.0,0.25,0.12,0.15,0.14,0.19,0.49,0.48,0.21,0.45,0.37
105,1352.0,0.2,0.39,0.23,0.21,0.19,0.12,0.11,0.1,0.2,0.19
106,1365.0,0.22,0.25,0.3,0.19,0.09,0.16,0.09,0.13,0.2,0.11
107,1378.0,0.33,0.29,0.17,0.34,0.5,0.34,0.27,0.17,0.23,0.17
108,1391.0,0.53,0.39,0.36,0.37,0.24,0.18,0.24,0.29,0.23,0.2
109,1404.0,0.58,0.51,0.31,0.23,0.39,0.23,0.23,0.34,0.41,0.31
110,1417.0,0.24,0.67,0.19,0.37,0.35,0.31,0.12,0.15,0.29,0.26
111,1430.0,0.12,0.47,0.21,0.2,0.12,0.24,0.34,0.22,0.4,0.08
112,1443.0,0.37,0.21,0.31,0.47,0.28,0.29,0.63,0.31,0.61,0.33
113,1456.0,0.36,0.46,0.14,0.26,0.1,0.3,0.14,0.36,0.32,0.18
114,1469.0,0.4,0.48,0.86,0.16,0.58,0.26,0.42,0.52,0.21,0.13
115,1482.0,0.15,0.14,0.7,0.17,0.13,0.42,0.22,0.32,0.27,0.12
116,1495.0,0.2,0.26,0.16,0.18,0.11,0.35,0.29,0.37,0.13,0.19
117,1508.0,0.39,0.43,0.26,0.15,0.2,0.34,0.54,0.33,0.44,0.25
118,1521.0,0.59,0.32,0.28,0.18,0.18,0.22,0.23,0.26,0.39,0.2
119,1534.0,0.59,0.4,0.38,0.14,0.12,0.12,0.28,0.33,0.21,0.33
120,1547.0,0.3,0.42,0.37,0.21,0.13,0.18,0.1,0.36,0.35,0.38
121,1560.0,0.52,0.41,0.17,0.23,0.2,0.2,0.21,0.3,0.23,0.17
122,1573.0,0.36,0.28,0.16,0.3,0.2,0.21,0.26,0.25,0.61,0.24
123,1586.0,0.3,0.2,0.14,0.26,0.26,0.24,0.09,0.39,0.22,0.29
124,1599.0,0.2,0.19,0.23,0.17,0.12,0.14,0.15,0.19,0.23,0.15
125,1612.0,0.24,0.23,0.19,0.21,0.11,0.08,0.14,0.23,0.24,0.17
126,1625.0,0.12,0.24,0.38,0.28,0.09,0.15,0.12,0.53,0.29,0.29
127,1638.0,0.33,0.48,0.27,0.13,0.29,0.3,0.33,0.27,0.62,0.33
128,1651.0,0.28,0.4,0.33,0.33,0.35,0.31,0.23,0.25,0.44,0.14
129,1664.0,0.45,0.32,0.23,0.17,0.1,0.28,0.29,0.53,0.52,0.52
130,1677.0,0.23,0.37,0.13,0.16,0.12,0.27,0.1,0.15,0.59,0.52
131,1690.0,0.35,0.2,0.09,0.21,0.11,0.28,0.18,0.34,0.39,0.23
132,1703.0,0.19,0.27,0.34,0.25,0.21,0.26,0.69,0.7,0.42,0.47
133,1716.0,0.07,0.14,0.11,0.31,0.34,0.19,0.32,0.19,0.55,0.13
134,1729.0,0.18,0.16,0.13,0.17,0.25,0.24,0.16,0.33,0.52,0.14
135,1742.0,0.38,0.38,0.14,0.13,0.09,0.12,0.13,0.14,0.36,0.22
136,1755.0,0.3,0.3,0.27,0.38,0.53,0.21,0.39,0.2,0.27,0.19
137,1768.0,0.2,0.19,0.38,0.36,0.36,0.46,0.41,0.18,0.66,0.34
138,1781.0,0.25,0.28,0.25,0.43,0.4,0.24,0.4,0.22,0.67,0.29
139,1794.0,0.32,0.19,0.33,0.15,0.19,0.3,0.26,0.26,0.23,0.18
140,1807.0,0.08,0.25,0.1,0.29,0.22,0.26,0.09,0.29,0.29,0.3
141,1820.0,0.24,0.41,0.13,0.32,0.24,0.09,0.12,0.63,0.28,0.22
142,1833.0,0.78,0.3,0.39,0.21,0.25,0.36,0.24,0.33,0.55,0.34
143,1846.0,0.63,0.3,0.34,0.16,0.28,0.16,0.27,0.22,0.38,0.27
144,1859.0,0.18,0.16,0.23,0.21,0.14,0.38,0.3,0.32,0.28,0.21
145,1872.0,0.1,0.18,0.08,0.23,0.12,0.45,0.29,0.12,0.3,0.29
146,1885.0,0.1,0.46,0.1,0.11,0.08,0.11,0.17,0.31,0.16,0.22
147,1898.0,0.16,0.14,0.12,0.09,0.21,0.14,0.26,0.15,0.24,0.22
148,1911.0,0.2,0.15,0.09,0.16,0.15,0.24,0.32,0.35,0.48,0.38
149,1924.0,0.4,0.22,0.12,0.26,0.2,0.16,0.21,0.44,0.38,0.21
150,1937.0,0.4,0.28,0.12,0.33,0.09,0.18,0.16,0.21,0.46,0.25
151,1950.0,0.32,0.1,0.14,0.26,0.1,0.2,0.15,0.29,0.41,0.12
152,1963.0,0.42,0.28,0.16,0.1,0.2,0.17,0.24,0.39,0.45,0.28
153,1976.0,0.24,0.27,0.13,0.33,0.41,0.29,0.3,0.38,0.45,0.3
154,1989.0,0.18,0.24,0.11,0.24,0.29,0.32,0.4,0.23,0.28,0.41
155,2002.0,0.1,0.11,0.13,0.21,0.17,0.18,0.28,0.17,0.34,0.3
156,2015.0,0.43,0.21,0.16,0.16,0.12,0.09,0.22,0.27,0.69,0.11
157,2028.0,0.33,0.42,0.2,0.21,0.23,0.21,0.23,0.17,0.34,0.16
158,2041.0,0.4,0.21,0.25,0.36,0.44,0.32,0.32,0.4,0.5,0.41
159,2054.0,0.14,0.42,0.2,0.33,0.23,0.18,0.4,0.33,0.29,0.42
160,2067.0,0.11,0.56,0.4,0.13,0.09,0.69,0.59,0.48,0.45,1.1
161,2080.0,0.16,0.13,0.18,0.11,0.09,0.09,0.17,0.4,0.48,0.4
162,2093.0,0.38,0.33,0.19,0.19,0.11,0.15,0.19,0.34,0.36,0.27
163,2106.0,0.19,0.41,0.23,0.52,0.14,0.1,0.19,0.43,0.29,0.24
164,2119.0,0.38,0.46,0.4,0.23,0.13,0.16,0.13,0.17,0.2,0.14
165,2132.0,0.14,0.43,0.33,0.54,0.22,0.34,0.2,0.17,0.31,0.16
166,2145.0,0.09,0.2,0.1,0.4,0.12,0.16,0.28,0.16,0.26,0.14
167,2158.0,0.21,0.1,0.53,0.15,0.2,0.19,0.4,0.48,0.58,0.25
168,2171.0,0.33,0.35,0.29,0.22,0.31,0.53,0.38,0.51,0.47,0.4
169,2184.0,0.24,0.27,0.22,0.24,0.1,0.24,0.22,0.5,0.64,0.34
170,2197.0,0.3,0.46,0.29,0.3,0.31,0.31,0.19,0.29,0.49,0.21
171,2210.0,0.24,0.21,0.31,0.26,0.29,0.16,0.2,0.18,0.19,0.15
172,2223.0,0.27,0.3,0.38,0.26,0.11,0.31,0.26,0.1,0.6,0.33
173,2236.0,0.31,0.5,0.31,0.24,0.14,0.17,0.26,0.3,0.69,0.33
174,2249.0,0.36,0.37,0.15,0.2,0.32,0.35,0.24,0.24,0.24,0.16
175,2262.0,0.43,1.06,0.3,0.2,0.2,0.3,0.25,0.15,0.22,0.12
176,2275.0,0.25,0.13,0.17,0.12,0.1,0.1,0.16,0.15,0.31,0.24
177,2288.0,0.14,0.24,0.19,0.16,0.16,0.19,0.18,0.18,0.14,0.16
178,2301.0,0.15,0.29,0.15,0.16,0.15,0.15,0.18,0.2,0.21,0.12
179,2314.0,0.21,0.22,0.13,0.18,0.16,0.18,0.25,0.21,0.23,0.21
180,2327.0,0.14,0.09,0.17,0.09,0.12,0.1,0.15,0.27,0.35,0.24
181,2340.0,0.08,0.11,0.13,0.12,0.14,0.12,0.35,0.3,0.38,0.29
182,2353.0,0.32,0.22,0.31,0.11,0.12,0.1,0.2,0.26,0.57,0.57
183,2366.0,0.48,0.21,0.33,0.27,0.37,0.24,0.18,0.52,0.45,0.38
184,2379.0,0.27,0.13,0.18,0.13,0.09,0.17,0.18,0.14,0.52,0.26
185,2392.0,0.41,0.23,0.14,0.27,0.17,0.54,0.33,0.23,0.4,0.53
186,2405.0,0.26,0.56,0.2,0.11,0.12,0.22,0.27,0.13,0.28,0.41
187,2418.0,0.15,0.46,0.17,0.42,0.12,0.23,0.67,0.23,0.53,0.22
188,2431.0,0.18,0.21,0.09,0.26,0.31,0.62,0.5,0.26,0.31,0.17
189,2444.0,0.27,0.29,0.33,0.19,0.31,0.42,0.55,0.31,0.26,0.27
190,2457.0,0.11,0.17,0.23,0.13,0.16,0.27,0.54,0.77,0.35,0.16
191,2470.0,0.17,0.23,0.19,0.12,0.25,0.28,0.43,0.39,0.64,0.38
192,2483.0,0.39,0.15,0.11,0.26,0.16,0.12,0.2,0.34,0.29,0.47
193,2496.0,0.39,0.36,0.31,0.27,0.2,0.18,0.3,0.3,0.37,0.66
194,2509.0,0.27,0.19,0.22,0.14,0.14,0.28,0.2,0.26,0.25,0.2
195,2522.0,0.27,0.21,0.22,0.23,0.64,0.22,0.33,0.2,0.21,0.13
196,2535.0,0.17,0.27,0.19,0.14,0.1,0.16,0.19,0.34,0.47,0.19
197,2548.0,0.18,0.3,0.11,0.14,0.17,0.3,0.13,0.28,0.33,0.52
198,2561.0,0.12,0.33,0.14,0.27,0.16,0.34,0.22,0.38,0.2,0.41
199,2574.0,0.31,0.29,0.39,0.25,0.1,0.34,0.14,0.43,0.19,0.22
200,2587.0,0.44,0.5,0.29,0.27,0.12,0.15,0.19,0.22,0.22,0.18
201,2600.0,0.37,0.3,0.24,0.09,0.27,0.09,0.27,0.17,0.41,0.21
202,2613.0,0.18,0.23,0.15,0.23,0.1,0.3,0.33,0.22,0.35,0.23
203,2626.0,0.4,0.59,0.42,0.2,0.1,0.25,0.24,0.2,0.37,0.46
204,2639.0,0.13,0.23,0.21,0.2,0.07,0.16,0.23,0.26,0.16,0.14
205,2652.0,0.2,0.19,0.43,0.33,0.19,0.22,0.2,0.37,0.31,0.18
206,2665.0,0.25,0.22,0.22,0.33,0.09,0.35,0.2,0.12,0.24,0.14
207,2678.0,0.1,0.11,0.09,0.12,0.06,0.15,0.17,0.14,0.19,0.23
208,2691.0,0.22,0.13,0.18,0.24,0.17,0.42,0.31,0.32,0.28,0.3
209,2704.0,0.16,0.15,0.18,0.27,0.12,0.44,0.75,0.3,0.27,0.41
210,2717.0,0.22,0.28,0.16,0.36,0.26,0.14,0.8,2.95,0.61,0.44
211,2730.0,0.35,0.19,0.26,0.25,0.25,0.29,0.51,0.58,0.61,0.46
212,2743.0,0.28,0.32,0.32,0.3,0.24,0.19,0.32,0.14,0.34,0.31
213,2756.0,0.18,0.43,0.35,0.48,0.27,0.39,0.33,0.49,0.46,0.36
214,2769.0,0.07,0.23,0.38,0.22,0.29,0.26,0.47,0.3,0.31,0.25
215,2782.0,0.28,0.28,0.19,0.17,0.19,0.38,0.3,0.27,0.38,0.36
216,2795.0,0.46,0.36,0.32,0.15,0.13,0.28,0.32,0.43,0.36,0.12
217,2808.0,0.43,0.11,0.4,0.36,0.43,0.07,0.62,0.26,0.31,0.16
218,2821.0,0.21,0.16,0.39,0.6,0.35,0.38,0.38,0.66,0.4,0.24
219,2834.0,0.2,0.32,0.15,0.16,0.11,0.22,0.18,0.25,0.23,0.26
220,2847.0,0.34,0.34,0.33,0.54,0.1,0.15,0.11,0.57,0.21,0.15
221,2860.0,0.22,0.09,0.23,0.1,0.12,0.11,0.09,0.13,0.28,0.33
222,2873.0,0.1,0.12,0.11,0.31,0.23,1.06,0.48,0.24,0.25,0.2
223,2886.0,0.26,0.22,0.18,0.34,0.16,0.18,0.31,0.39,0.37,0.23
224,2899.0,0.12,0.1,0.13,0.22,0.17,0.11,0.39,0.19,0.29,0.14
225,2912.0,0.15,0.12,0.34,0.43,0.1,0.12,0.26,0.66,0.51,0.28
226,2925.0,0.26,0.17,0.31,0.33,0.23,0.21,0.3,0.3,0.5,0.27
227,2938.0,0.24,0.42,0.2,0.2,0.12,0.36,0.13,0.14,0.5,0.09
228,2951.0,0.21,0.3,0.31,0.47,0.35,0.29,0.37,0.42,0.25,0.31
229,2964.0,0.31,0.2,0.2,0.26,0.25,0.33,0.39,0.38,0.33,0.17
230,2977.0,0.51,0.18,0.68,0.16,0.24,0.24,0.67,0.39,0.58,0.22
231,2990.0,0.15,0.13,0.12,0.35,0.2,0.18,0.15,0.17,0.28,0.27
232,3003.0,0.15,0.24,0.19,0.39,0.3,0.21,0.44,0.46,0.19,0.27
233,3016.0,0.19,0.21,0.19,0.34,0.42,0.19,0.55,0.16,0.36,0.36
234,3029.0,0.09,0.13,0.09,0.08,0.09,0.17,0.12,0.16,0.16,0.17
235,3042.0,0.17,0.15,0.16,0.12,0.1,0.37,0.14,0.17,0.24,0.13
236,3055.0,0.13,0.1,0.09,0.11,0.08,0.11,0.24,0.13,0.19,0.19
237,3068.0,0.25,0.14,0.15,0.17,0.07,0.18,0.34,0.53,0.16,0.21
238,3081.0,0.27,0.34,0.42,0.13,0.28,0.31,0.34,0.47,0.46,0.47
239,3094.0,0.29,0.38,0.28,0.13,0.22,0.3,0.51,0.24,0.47,0.41
240,3107.0,0.59,0.74,0.63,0.16,0.13,0.67,0.5,0.46,0.38,0.73
241,3120.0,0.34,0.25,0.45,0.21,0.25,0.21,0.21,0.16,0.27,0.11
242,3133.0,0.14,0.47,0.1,0.37,0.28,0.12,0.12,0.3,0.49,0.25
243,3146.0,0.11,0.13,0.16,0.16,0.56,0.17,0.25,0.26,0.3,0.14
244,3159.0,0.08,0.14,0.08,0.25,0.11,0.12,0.07,0.12,0.18,0.09
245,3172.0,0.13,0.11,0.14,0.18,0.11,0.1,0.27,0.13,0.2,0.23
246,3185.0,0.1,0.12,0.15,0.08,0.1,0.14,0.15,0.09,0.11,0.08
247,3198.0,0.11,0.12,0.11,0.16,0.11,0.14,0.19,0.19,0.14,0.15
248,3211.0,0.28,0.29,0.17,0.29,0.17,0.22,0.32,0.45,0.28,0.27
249,3224.0,0.29,0.35,0.12,0.24,0.33,0.26,0.25,0.33,0.3,0.59
250,3237.0,0.19,0.36,0.19,0.37,0.26,0.6,0.69,0.33,0.29,0.46
251,3250.0,0.27,0.4,0.21,0.41,0.33,0.23,0.29,0.34,0.4,0.63
252,3263.0,0.27,0.28,0.19,0.29,0.16,0.32,0.33,0.48,0.43,0.41
253,3276.0,0.21,0.16,0.11,0.1,0.09,0.09,0.15,0.23,0.39,0.27
254,3289.0,0.11,0.12,0.08,0.17,0.19,0.11,0.09,0.21,0.27,0.19
255,3302.0,0.13,0.13,0.12,0.16,0.17,0.23,0.14,0.16,0.13,0.14
256,3315.0,0.1,0.13,0.14,0.13,0.08,0.24,0.16,0.13,0.16,0.16
257,3328.0,0.13,0.07,0.22,0.08,0.08,0.28,0.14,0.2,0.21,0.1
258,3341.0,0.35,0.24,0.17,0.22,0.16,0.22,0.21,0.2,0.25,0.15
259,3354.0,0.65,0.33,0.43,0.38,0.22,0.28,0.57,0.32,0.43,0.37
260,3367.0,0.32,0.23,0.26,0.25,0.34,0.46,0.71,0.34,0.59,0.17
261,3380.0,0.15,0.13,0.21,0.16,0.3,0.34,0.36,0.45,0.35,0.37
262,3393.0,0.21,0.12,0.13,0.15,0.16,0.1,0.19,0.22,0.23,0.33
263,3406.0,0.15,0.16,0.15,0.13,0.24,0.15,0.16,0.43,0.29,0.31
264,3419.0,0.28,0.12,0.3,0.16,0.1,0.14,0.12,0.35,0.29,0.28
265,3432.0,0.3,0.2,0.26,0.2,0.24,0.46,0.15,0.34,0.18,0.28
266,3445.0,0.85,0.23,0.27,0.23,0.09,0.16,0.12,0.17,0.2,0.2
267,3458.0,0.52,0.5,0.28,0.19,0.39,0.37,0.24,0.31,0.28,0.17
268,3471.0,0.54,0.64,0.63,0.3,0.32,0.3,0.24,0.36,0.35,0.21
269,3484.0,0.16,0.13,0.25,0.17,0.26,0.45,0.24,0.37,0.51,0.4
270,3497.0,0.16,0.17,0.15,0.3,0.21,0.24,0.43,0.33,0.29,0.43
271,3510.0,0.23,0.15,0.18,0.17,0.15,0.16,0.12,0.17,0.23,0.18
272,3523.0,1.21,1.43,1.33,1.22,1.42,1.57,1.34,1.43,1.33,0.73
273,3536.0,0.61,0.36,0.12,0.56,0.1,0.24,0.2,0.22,0.27,0.14
274,3549.0,0.37,0.36,0.28,0.34,0.15,0.29,0.3,0.31,0.2,0.19
275,3562.0,0.34,0.44,0.76,0.35,0.24,0.21,0.13,0.4,0.22,0.23
276,3575.0,0.22,0.2,0.18,0.21,0.45,0.29,0.41,0.34,0.24,0.19
277,3588.0,0.07,0.08,0.08,0.16,0.11,0.13,0.13,0.36,0.44,1.11
278,3601.0,0.19,0.16,0.13,0.11,0.2,0.14,0.15,0.43,0.59,0.58
279,3614.0,0.27,0.28,0.18,0.24,0.23,0.3,0.37,0.31,0.12,0.17
280,3627.0,0.31,0.89,0.1,0.14,0.12,0.14,0.17,0.2,0.39,0.21
281,3640.0,0.3,0.89,0.26,0.35,0.23,0.22,0.19,0.44,0.45,0.4
282,3653.0,0.81,1.35,1.32,1.09,0.55,0.72,1.54,0.98,2.17,1.83
283,3666.0,0.12,0.13,0.12,0.24,0.18,0.28,0.52,0.27,0.63,0.45
284,3679.0,0.15,0.15,0.14,0.13,0.12,0.41,0.55,0.46,0.43,0.2
285,3692.0,0.12,0.14,0.17,0.32,0.17,0.14,0.12,0.23,0.31,0.49
286,3705.0,0.3,0.26,0.35,0.19,0.18,0.19,0.55,0.14,0.25,0.11
287,3718.0,0.13,0.25,0.21,0.18,0.14,0.16,0.12,0.13,0.15,0.08
288,3731.0,0.59,0.27,0.32,0.48,0.48,0.2,0.28,0.16,0.14,0.17
289,3744.0,0.3,0.64,0.2,0.13,0.2,0.25,0.46,0.49,0.45,0.37
290,3757.0,0.29,0.17,0.14,0.18,0.16,0.29,0.35,0.5,0.59,0.32
291,3770.0,0.39,0.31,0.13,0.33,0.12,0.19,0.37,0.24,0.42,0.54
292,3783.0,0.61,0.65,1.0,1.02,1.1,1.15,0.28,0.19,0.24,0.8
293,3796.0,0.14,0.18,0.17,0.27,0.34,0.15,0.3,0.19,0.37,0.14
294,3809.0,0.2,0.42,0.6,0.18,0.26,0.35,0.47,0.16,0.31,0.19
295,3822.0,0.2,0.27,1.24,0.34,0.76,0.54,0.59,0.27,0.27,0.17
296,3835.0,0.85,0.26,0.11,0.19,0.16,0.25,0.12,0.24,0.26,0.2
297,3848.0,0.48,0.27,0.53,0.14,0.12,0.28,0.13,0.17,0.3,0.26
298,3861.0,0.11,0.14,0.59,0.15,0.09,0.28,0.28,0.28,0.19,0.13
299,3874.0,0.25,0.35,0.28,0.33,0.32,0.3,0.31,0.28,0.22,0.26
300,3887.0,0.19,0.15,0.11,0.42,0.23,0.34,0.38,0.24,0.18,0.12
301,3900.0,0.18,0.46,0.29,0.22,0.4,0.54,0.7,0.53,0.52,0.32
302,3913.0,0.47,0.41,0.29,0.1,0.47,0.76,0.34,0.49,0.51,0.62
303,3926.0,0.22,0.24,0.21,0.32,0.25,0.32,0.35,0.53,0.32,0.25
304,3939.0,0.15,0.09,0.25,0.3,0.21,0.23,0.21,0.37,0.28,0.22
305,3952.0,0.18,0.19,0.28,0.15,0.09,0.17,0.21,0.47,0.28,0.43
306,3965.0,0.18,0.1,0.08,0.08,0.13,0.17,0.36,0.67,0.73,0.61
307,3978.0,0.12,0.09,0.08,0.14,0.21,0.11,0.16,0.16,0.31,0.25
308,3991.0,0.39,0.22,0.17,0.33,0.22,0.55,0.23,0.39,0.26,0.19
309,4004.0,0.27,0.5,0.18,0.33,0.34,0.41,0.36,0.47,0.42,0.6
310,4017.0,0.3,0.2,0.28,0.32,0.21,0.43,0.38,0.34,0.34,0.25
311,4030.0,0.19,0.15,0.16,0.16,0.15,0.16,0.18,0.11,0.2,0.17
312,4043.0,0.29,0.17,0.29,0.18,0.23,0.5,0.44,0.71,0.63,0.64
313,4056.0,0.2,0.34,0.23,0.39,0.42,0.31,0.32,0.64,0.33,0.41
314,4069.0,0.25,0.25,0.3,0.31,0.4,0.29,0.4,0.82,0.45,0.65
315,4082.0,0.14,0.23,0.16,0.14,0.25,0.17,0.24,0.32,0.31,0.46
316,4095.0,0.1,0.16,0.14,0.24,0.16,0.19,0.17,0.23,0.28,0.16
317,4108.0,0.37,0.11,0.13,0.19,0.09,0.21,0.24,0.2,0.25,0.14
318,4121.0,0.73,0.42,0.27,0.13,0.26,0.29,0.45,0.23,0.39,0.2
319,4134.0,0.17,0.42,0.26,0.38,0.53,0.48,0.75,0.56,0.47,0.28
320,4147.0,0.17,0.14,0.19,0.11,0.13,0.34,0.18,0.25,0.2,0.25
321,4160.0,0.48,0.4,0.22,0.21,0.16,0.15,0.2,0.23,0.23,0.23
322,4173.0,0.29,0.24,0.25,0.35,0.23,0.2,0.41,0.26,0.39,0.29
323,4186.0,0.24,0.26,0.55,0.12,0.1,0.25,0.28,0.45,0.34,0.18
324,4199.0,0.43,0.46,0.24,0.33,0.32,0.33,0.41,0.49,0.61,0.36
325,4212.0,0.15,0.12,0.13,0.09,0.14,0.38,0.18,0.27,0.32,0.21
326,4225.0,0.27,0.16,0.29,0.26,0.12,0.33,0.3,0.32,0.29,0.29
327,4238.0,0.4,0.19,0.18,0.16,0.28,0.16,0.3,0.22,0.57,0.25
328,4251.0,0.12,0.13,0.1,0.13,0.11,0.4,0.29,0.35,0.53,0.37
329,4264.0,0.28,0.32,0.33,0.4,0.23,0.46,0.26,0.24,0.31,0.31
330,4277.0,0.19,0.21,0.17,0.2,0.11,0.26,0.14,0.23,0.15,0.17
331,4290.0,0.3,0.3,0.29,0.36,0.3,0.33,0.51,0.62,0.3,0.77
332,4303.0,0.47,0.6,0.38,0.38,0.24,0.31,0.34,0.3,0.28,0.21
333,4316.0,0.31,0.22,0.65,0.16,0.15,0.23,0.14,0.35,0.35,0.51
334,4329.0,0.36,0.19,0.26,0.3,0.23,0.19,0.25,0.5,0.65,0.77
335,4342.0,0.25,0.18,0.23,0.16,0.12,0.22,0.22,0.19,0.23,0.23
336,4355.0,0.19,0.34,0.49,0.22,0.23,0.25,0.31,0.44,0.57,0.35
337,4368.0,0.12,0.1,0.1,0.13,0.06,0.2,0.22,0.24,0.23,0.17
338,4381.0,0.3,0.22,0.1,0.28,0.24,0.18,0.28,0.51,0.32,0.43
339,4394.0,0.51,0.6,0.46,0.24,0.22,0.35,0.2,0.33,0.21,0.31
340,4407.0,0.15,0.15,0.2,0.19,0.12,0.34,0.31,0.23,0.42,0.3
341,4420.0,0.52,0.5,0.21,0.16,0.13,0.63,0.33,0.38,0.35,0.35
342,4433.0,0.32,0.32,0.29,0.19,0.29,0.36,0.27,0.49,0.48,0.35
343,4446.0,0.32,0.16,0.12,0.2,0.1,0.2,0.13,0.26,0.35,0.27
344,4459.0,0.33,0.54,0.37,0.4,0.23,0.21,0.16,0.29,0.5,0.39
345,4472.0,0.21,0.27,0.29,0.23,0.19,0.17,0.24,0.26,0.72,0.24
346,4485.0,0.39,0.32,0.28,0.23,0.22,0.23,0.23,0.61,0.4,0.37
347,4498.0,0.23,0.22,0.41,0.1,0.26,0.08,0.09,0.15,0.27,0.25
348,4511.0,0.28,0.19,0.28,0.2,0.15,0.33,0.13,0.42,0.34,0.35
349,4524.0,0.42,0.58,0.42,0.41,0.25,0.33,0.4,0.58,0.59,0.64
350,4537.0,0.32,0.22,0.3,0.33,0.24,0.37,0.2,0.19,0.36,0.3
351,4550.0,0.44,0.4,0.39,0.27,0.29,0.57,0.46,0.22,0.47,0.34
352,4563.0,0.25,0.22,0.36,0.16,0.27,0.28,0.37,0.57,0.37,0.48
353,4576.0,0.14,0.5,0.36,0.46,0.25,0.36,0.19,0.17,0.42,0.23
354,4589.0,0.25,0.47,0.32,0.36,0.39,0.26,0.45,0.42,0.36,0.4
355,4602.0,0.32,0.19,0.19,0.26,0.25,0.18,0.32,0.2,0.42,0.21
356,4615.0,0.33,0.15,0.32,0.28,0.26,0.2,0.49,0.64,0.47,0.2
357,4628.0,0.2,0.16,0.3,0.18,0.12,0.41,0.17,0.17,0.35,0.2
358,4641.0,0.37,0.26,0.22,0.32,0.39,0.3,0.2,0.23,0.23,0.16
359,4654.0,0.3,0.34,0.32,0.66,0.35,0.32,0.56,0.55,0.28,1.22
360,4667.0,0.27,0.34,0.18,0.2,0.15,0.33,0.23,0.35,0.44,0.24
361,4680.0,0.44,0.25,0.28,0.34,0.17,0.15,0.32,0.54,0.65,0.21
362,4693.0,0.26,0.19,0.24,0.17,0.13,0.37,0.73,0.18,0.43,0.28
363,4706.0,0.28,0.34,0.3,0.18,0.17,0.5,0.57,0.22,0.58,0.25
364,4719.0,0.37,0.35,0.31,0.29,0.33,0.42,0.41,0.53,0.37,0.32
365,4732.0,0.14,0.22,0.17,0.37,0.32,0.35,0.24,0.31,0.37,0.35
366,4745.0,0.45,0.15,0.24,0.18,0.28,0.29,0.19,0.32,0.71,0.53
367,4758.0,0.24,0.24,0.34,0.2,0.12,0.17,0.1,0.18,0.26,0.15
368,4771.0,0.22,0.26,0.26,0.14,0.11,0.16,0.14,0.18,0.37,0.25
369,4784.0,0.27,0.62,0.39,0.36,0.32,0.33,0.43,0.28,0.27,0.24
370,4797.0,0.53,0.6,0.22,0.32,0.2,0.28,0.27,0.29,0.4,0.24
371,4810.0,0.45,0.34,0.38,1.07,0.38,0.35,0.22,0.63,0.44,0.29
372,4823.0,0.26,0.32,0.31,0.34,0.19,0.51,0.17,0.52,0.49,0.41
373,4836.0,0.16,0.3,0.22,0.4,0.08,0.17,0.29,0.51,0.56,0.53
374,4849.0,0.3,0.57,0.31,0.31,0.31,0.27,0.42,0.38,0.51,0.4
375,4862.0,0.31,0.27,0.34,0.35,0.26,0.19,0.13,0.19,0.28,0.31
376,4875.0,0.24,0.18,0.26,0.3,0.24,0.15,0.36,0.33,0.33,0.19
377,4888.0,0.27,0.22,0.42,0.14,0.17,1.2,0.19,0.19,0.54,0.19
378,4901.0,0.2,0.12,0.21,0.11,0.2,0.79,0.34,0.69,0.67,0.43
379,4914.0,0.17,0.22,0.26,0.29,0.25,0.71,0.46,0.63,0.66,0.58
380,4927.0,0.27,0.32,0.49,0.24,0.26,0.46,0.5,0.76,0.88,0.4
381,4940.0,0.28,0.52,0.43,0.33,0.31,0.52,0.51,0.57,0.5,0.59
382,4953.0,0.35,0.44,0.33,0.45,0.34,0.54,0.22,0.19,0.51,0.42
383,4966.0,0.25,0.3,0.34,0.31,0.34,0.21,0.23,0.44,0.52,0.32
384,4979.0,0.27,0.24,0.24,0.48,0.3,0.61,0.45,0.36,0.64,0.32
385,4992.0,0.37,0.4,0.19,0.3,0.41,0.34,0.3,0.43,0.53,0.33
386,5005.0,0.12,0.21,0.23,0.39,0.14,0.21,0.16,0.32,0.34,0.59
387,5018.0,0.15,0.16,1.22,0.12,0.48,0.41,0.39,0.69,0.41,0.36
388,5031.0,0.27,0.33,0.26,0.35,0.14,0.17,0.25,0.52,0.32,0.1
389,5044.0,0.2,0.29,0.54,0.33,0.2,0.26,0.37,0.22,0.48,0.26
390,5057.0,0.22,0.36,0.29,0.38,0.28,0.33,0.57,0.38,0.39,0.26
391,5070.0,0.45,0.16,0.23,0.28,0.21,0.48,1.17,0.41,0.87,0.24
392,5083.0,0.28,0.14,0.27,0.39,0.24,0.58,0.74,0.53,0.72,0.51
393,5096.0,0.36,0.17,0.17,0.24,0.26,0.38,0.35,0.72,0.56,0.26
394,5109.0,0.22,0.23,0.32,0.23,0.32,0.26,0.97,0.52,0.52,0.5
395,5122.0,0.37,0.35,0.14,0.24,0.39,0.43,0.4,0.34,0.49,0.53
396,5135.0,0.5,0.31,0.3,0.16,0.58,0.43,0.54,0.28,0.59,0.21
397,5148.0,0.84,0.42,0.36,0.49,0.16,0.19,0.29,0.37,0.41,0.19
398,5161.0,0.14,0.3,0.29,0.38,0.52,0.33,0.32,0.42,0.43,0.13
399,5174.0,0.17,0.74,0.17,0.26,0.39,0.25,0.39,0.46,0.19,0.19
400,5187.0,0.37,0.47,0.44,0.61,0.69,0.72,0.64,0.57,0.65,0.32
401,5200.0,0.88,0.59,0.29,0.26,0.4,0.37,0.71,0.43,0.81,0.23
402,5213.0,0.47,1.14,0.34,0.4,0.27,0.93,0.68,0.14,0.49,0.6
403,5226.0,0.59,1.06,0.99,0.15,0.56,0.26,0.26,0.27,0.27,0.24
404,5239.0,0.39,0.34,0.11,0.15,0.56,0.44,0.2,0.32,0.15,0.45
405,5252.0,0.12,0.33,0.38,0.21,0.14,0.63,0.5,0.33,0.48,0.4
406,5265.0,0.16,0.18,0.23,0.12,0.12,0.26,0.25,0.38,0.36,0.49
407,5278.0,0.15,0.31,0.27,0.33,0.23,0.11,0.17,0.18,0.28,0.22
408,5291.0,0.13,0.25,0.21,0.18,0.24,0.09,0.3,0.24,0.34,0.13
409,5304.0,0.24,0.24,0.32,0.14,0.17,0.21,0.34,0.27,0.39,0.27
410,5317.0,0.55,0.54,0.43,0.33,0.37,0.31,0.45,0.43,0.2,0.35
411,5330.0,0.34,0.24,0.49,0.43,0.24,0.15,0.19,0.74,0.34,0.28
412,5343.0,0.31,0.44,0.09,0.16,0.23,0.13,0.66,0.48,1.18,0.56
413,5356.0,0.23,0.11,0.15,0.11,0.15,0.22,0.1,0.2,0.28,0.17
414,5369.0,0.18,0.22,0.13,0.27,0.25,0.23,0.45,0.34,0.32,0.22
415,5382.0,0.72,0.43,0.4,0.43,0.46,0.32,0.98,0.28,0.34,0.24
416,5395.0,0.55,0.3,0.23,0.38,0.46,0.39,0.35,0.37,0.34,0.2
417,5408.0,0.27,0.1,0.27,0.29,0.48,0.27,0.76,0.55,0.32,0.18
418,5421.0,0.39,0.2,0.23,0.24,0.17,0.28,0.21,0.32,0.3,0.21
419,5434.0,0.21,0.18,0.23,0.36,0.45,0.18,1.37,0.31,2.0,0.59
420,5447.0,0.13,0.21,0.33,0.13,0.21,0.52,0.49,0.62,0.73,0.54
421,5460.0,0.25,0.34,0.39,0.17,0.13,0.17,0.17,0.29,0.36,0.72
422,5473.0,0.72,0.21,0.27,0.15,0.44,0.32,0.15,0.17,0.62,0.17
423,5486.0,0.33,0.43,0.09,0.38,0.09,0.25,0.14,0.18,0.76,0.23
424,5499.0,0.14,0.16,0.13,0.27,0.26,0.16,0.17,0.23,0.36,0.26
425,5512.0,0.31,0.56,0.31,0.28,0.2,0.53,0.69,0.54,0.36,0.73
426,5525.0,0.25,0.56,0.38,0.4,0.42,0.48,0.47,0.57,0.47,0.32
427,5538.0,0.09,0.33,0.24,0.32,0.31,0.17,0.4,0.13,2.24,0.2
428,5551.0,0.09,0.21,0.5,0.23,0.23,0.19,0.18,0.13,0.26,0.28
429,5564.0,0.09,0.34,0.32,0.24,0.11,0.32,0.27,0.52,0.36,0.2
430,5577.0,0.31,0.31,0.35,0.36,0.5,0.41,0.4,0.49,0.3,0.58
431,5590.0,0.61,0.54,0.45,0.86,0.92,0.36,0.18,0.27,0.4,0.38
432,5603.0,0.42,0.29,0.49,0.22,0.4,1.39,1.09,1.54,1.94,1.77
433,5616.0,0.48,0.48,0.16,0.17,0.18,0.94,0.56,1.05,1.3,1.23
434,5629.0,0.35,0.54,0.27,0.35,0.34,0.26,0.56,0.35,0.3,0.21
435,5642.0,0.27,0.31,0.47,0.44,0.34,0.26,0.5,0.33,0.46,0.32
436,5655.0,0.16,0.19,0.11,0.16,0.36,0.19,0.34,0.19,0.3,0.49
437,5668.0,0.09,0.08,0.08,0.12,0.23,0.3,0.2,0.15,0.35,0.09
438,5681.0,0.15,0.1,0.09,0.19,0.38,0.12,0.32,0.1,0.24,0.1
439,5694.0,0.33,0.43,0.29,0.16,0.22,0.59,0.58,0.42,0.65,0.35
440,5707.0,0.28,0.39,0.16,0.22,0.38,0.79,0.35,0.62,0.26,0.38
441,5720.0,0.25,0.2,0.2,0.18,0.46,0.36,0.54,0.26,0.42,0.4
442,5733.0,0.14,0.08,0.09,0.19,0.1,0.49,0.32,0.54,0.16,0.41
443,5746.0,0.13,0.11,0.21,0.22,0.15,0.46,0.23,0.28,0.19,0.16
444,5759.0,0.1,0.15,0.1,0.43,0.3,0.55,0.42,0.13,0.17,0.15
445,5772.0,0.14,0.18,0.2,0.5,0.27,0.33,0.39,0.17,0.31,0.11
446,5785.0,0.14,0.13,0.12,0.15,0.34,0.5,0.73,0.39,0.17,0.15
447,5798.0,0.23,0.14,0.22,0.14,0.27,0.49,0.48,0.47,0.11,0.17
448,5811.0,0.56,0.57,0.26,0.1,0.27,0.44,0.42,0.74,0.48,0.18
449,5824.0,0.45,0.42,0.41,0.28,0.47,0.43,0.51,0.57,0.64,0.44
450,5837.0,0.13,0.27,0.2,0.53,0.2,0.46,0.58,0.54,0.4,0.26
451,5850.0,0.26,0.13,0.2,0.73,0.41,0.61,0.24,0.81,1.08,0.17
452,5863.0,0.24,0.31,0.18,0.43,0.19,0.57,0.25,0.37,0.22,0.49
453,5876.0,0.27,0.17,0.11,0.29,0.12,0.36,0.29,0.16,0.15,0.22
454,5889.0,0.37,0.35,0.32,0.29,0.09,0.4,0.51,0.52,0.56,0.2
455,5902.0,0.39,0.25,0.33,0.13,0.28,0.22,0.37,0.65,0.11,0.25
456,5915.0,0.46,0.24,0.24,0.87,0.21,0.51,0.15,0.18,0.35,0.1
457,5928.0,0.9,1.05,0.45,0.32,0.26,0.3,0.1,0.43,0.36,0.19
458,5941.0,0.73,0.83,0.94,0.4,1.23,0.56,0.21,0.3,0.59,0.11
459,5954.0,0.37,0.51,0.6,0.43,0.42,0.72,0.52,0.61,0.75,0.37
460,5967.0,0.24,0.23,0.69,1.77,0.43,0.49,0.24,0.36,0.33,0.14
461,5980.0,,0.08,0.49,0.48,3.0,1.08,1.37,1.36,1.05,0.53
462,5993.0,,,0.14,0.13,0.33,0.56,0.5,0.49,0.89,0.33
463,6006.0,,,,0.09,0.24,0.54,0.61,0.3,0.51,0.49
464,6019.0,,,,,0.08,0.14,1.44,0.58,0.41,0.52
465,6032.0,,,,,,0.08,0.24,0.29,0.29,0.23
466,6045.0,,,,,,,0.07,0.22,0.69,0.85
467,6058.0,,,,,,,,0.09,0.14,0.22
468,6071.0,,,,,,,,,0.14,0.15
469,6084.0,,,,,,,,,,0.07
