qcp_001,qcp_002,qcp_003,qcp_004,qcp_005,qcp_006,qcp_007,qcp_008,qcp_009,qcp_010,qcp_011,qcp_012,qcp_013,qcp_014,qcp_015,qcp_016,qcp_017,qcp_018,qcp_019,qcp_020,qcp_021,qcp_022,qcp_023,qcp_024,qcp_025,qcp_026,qcp_027,qcp_028,qcp_029,qcp_030,qcp_031,qcp_032,qcp_033,qcp_034,qcp_035,qcp_036,qcp_037,qcp_038,qcp_039,qcp_040,qcp_041,qcp_042,qcp_043,qcp_044,qcp_045,qcp_046,qcp_047,qcp_048,qcp_049,qcp_050,qcp_051,qcp_052,qcp_053,qcp_054,qcp_055,qcp_056,qcp_057,qcp_058,qcp_059,qcp_060,qcp_061,qcp_062,qcp_063,qcp_064,qcp_065,qcp_066,qcp_067,qcp_068,qcp_069,qcp_070,qcp_071,qcp_072,qcp_073,qcp_074,qcp_075,qcp_076,qcp_077,qcp_078,qcp_079,qcp_080,qcp_081,qcp_082,qcp_083,qcp_084,qcp_085,qcp_086,qcp_087,qcp_088,qcp_089,qcp_090,qcp_091,qcp_092,qcp_093,qcp_094,qcp_095,qcp_096,qcp_097,qcp_098,qcp_099,qcp_100,qcp_101,qcp_102,qcp_103,qcp_104,qcp_105,qcp_106,qcp_107,qcp_108,qcp_109,qcp_110,qcp_111,qcp_112,qcp_113,qcp_114,qcp_115,qcp_116,qcp_117,qcp_118,qcp_119,qcp_120,qcp_121,qcp_122,qcp_123,qcp_124,qcp_125,qcp_126,qcp_127,qcp_128,qcp_129,qcp_130,qcp_131,qcp_132,qcp_133,qcp_134,qcp_135,qcp_136,qcp_137,qcp_138,qcp_139,qcp_140,qcp_141,qcp_142,qcp_143,qcp_144,qcp_145,qcp_146,qcp_147,qcp_148,qcp_149,qcp_150,qcp_151,qcp_152,qcp_153,qcp_154,qcp_155,qcp_156,qcp_157,qcp_158,qcp_159,qcp_160,qcp_161,qcp_162,qcp_163,qcp_164,qcp_165,qcp_166,qcp_167,qcp_168,qcp_169,qcp_170,qcp_171,qcp_172,qcp_173,qcp_174,qcp_175,qcp_176,qcp_177,qcp_178,prediction,actual
0.008468972,-0.00059347774,0.0,0.0,0.0,0.0,0.0,0.00024357099,0.0,0.005766076,0.0,-0.011595893,0.0,0.0,0.0,0.0,0.0,0.0,0.0,0.0,-0.0017183399,0.0,0.0,0.0,0.0,0.0,0.0,0.0,0.0,0.0,0.0,0.0,0.0,0.0,0.0,0.0,0.00067671674,0.0,-0.00044418237,0.0,0.0,-0.010790771,0.0,0.0,0.0,0.0,0.0,0.0,0.0,0.0,0.0,0.0,0.0,0.0,0.0,-0.0010385793,0.0,0.0,0.0,0.00049726065,0.0,0.0,0.0,0.0,0.0003524524,0.0,0.0,0.0,0.0,0.0,0.0006608338,0.0015586739,0.0,0.0,0.0,0.0,0.0,-0.0012468909,0.0,0.0,0.0,0.0,0.0,-0.00022556304,0.0,0.0,0.0,0.0,0.0,-0.00094114617,0.0,0.0,0.0,0.0,0.0,0.0,0.0,0.0,0.0,0.0,0.0,0.0,0.0,0.0,0.0,0.0,0.0,0.0,0.0,-0.027088545,0.0,0.0,0.0,0.0,0.0,0.0029553664,0.0,-0.05263399,0.0,0.0,0.002627093,-0.000998241,0.0,0.0,0.0,0.0,0.0,0.0,0.0,0.0,0.0,0.0,0.0,0.0,0.0,0.0,0.0,0.0,0.0,0.0,0.0,-0.0009260919,0.0,0.013690721,0.0026401188,0.0,0.0,0.0,0.0,0.0,0.0,0.0,0.0,0.0,0.0,0.0,0.0,0.0,0.0,0.0,0.0,0.0,0.0,0.0,0.0,0.0,0.0,0.0,0.0,0.0,0.0,-0.004366237,0.0,0.0,0.0,0.0070828563,0.0,0.0,0.32174155,1.0
0.0019180744,-0.00018564095,0.0,0.0,0.0,0.0,0.0,-0.00090368197,0.0,0.009911261,0.0,0.00017989,0.0,0.0,0.0,0.0,0.0,0.0,0.0,0.0,-0.033890076,0.0,0.0,0.0,0.0,0.0,0.0,0.0,0.0,0.0,0.0,0.0,0.0,0.0,0.0,0.0,0.0020468682,0.0,-0.00043352967,0.0,0.0,-0.0055755996,0.0,0.0,0.0,0.0,0.0,0.0,0.0,0.0,0.0,0.0,0.0,0.0,0.0,0.0017063787,0.0,0.0,0.0,0.0004972898,0.0,0.0,0.0,0.0,-0.0014308065,0.0,0.0,0.0,0.0,0.0,0.00067876023,0.0017924281,0.0,0.0,0.0,0.0,0.0,-0.0014896377,0.0,0.0,0.0,0.0,0.0,-0.000322905,0.0,0.0,0.0,0.0,0.0,-0.005071842,0.0,0.0,0.0,0.0,0.0,0.0,0.0,0.0,0.0,0.0,0.0,0.0,0.0,0.0,0.0,0.0,0.0,0.0,0.0,-0.00093455415,0.0,0.0,0.0,0.0,0.0,-0.04410881,0.0,0.007598624,0.0,0.0,0.0013163465,-0.0020282157,0.0,0.0,0.0,0.0,0.0,0.0,0.0,0.0,0.0,0.0,0.0,0.0,0.0,0.0,0.0,0.0,0.0,0.0,0.0,0.0023410302,0.0,-0.0014052948,-0.0017836806,0.0,0.0,0.0,0.0,0.0,0.0,0.0,0.0,0.0,0.0,0.0,0.0,0.0,0.0,0.0,0.0,0.0,0.0,0.0,0.0,0.0,0.0,0.0,0.0,0.0,0.0,-0.0044890083,0.0,0.0,0.0,-0.0066542416,0.0,0.0,0.33077672,0.0
0.002025634,-0.00018564095,0.0,0.0,0.0,0.0,0.0,-0.00047079078,0.0,-0.013852976,0.0,0.00017989,0.0,0.0,0.0,0.0,0.0,0.0,0.0,0.0,-0.0009818572,0.0,0.0,0.0,0.0,0.0,0.0,0.0,0.0,0.0,0.0,0.0,0.0,0.0,0.0,0.0,-0.00059069163,0.0,-0.0006978067,0.0,0.0,-0.0024736733,0.0,0.0,0.0,0.0,0.0,0.0,0.0,0.0,0.0,0.0,0.0,0.0,0.0,-0.00084539375,0.0,0.0,0.0,0.0029408445,0.0,0.0,0.0,0.0,-0.0032555996,0.0,0.0,0.0,0.0,0.0,0.0005644697,0.009533429,0.0,0.0,0.0,0.0,0.0,-0.00071351556,0.0,0.0,0.0,0.0,0.0,-0.00063473743,0.0,0.0,0.0,0.0,0.0,-0.0027991934,0.0,0.0,0.0,0.0,0.0,0.0,0.0,0.0,0.0,0.0,0.0,0.0,0.0,0.0,0.0,0.0,0.0,0.0,0.0,-0.0027979692,0.0,0.0,0.0,0.0,0.0,0.0029299655,0.0,0.015382606,0.0,0.0,0.011848566,-0.00081545894,0.0,0.0,0.0,0.0,0.0,0.0,0.0,0.0,0.0,0.0,0.0,0.0,0.0,0.0,0.0,0.0,0.0,0.0,0.0,0.0041703163,0.0,0.0026250621,-0.0026805915,0.0,0.0,0.0,0.0,0.0,0.0,0.0,0.0,0.0,0.0,0.0,0.0,0.0,0.0,0.0,0.0,0.0,0.0,0.0,0.0,0.0,0.0,0.0,0.0,0.0,0.0,0.00327445,0.0,0.0,0.0,0.01876733,0.0,0.0,0.3561088,0.0
0.009794481,-0.00059347774,0.0,0.0,0.0,0.0,0.0,-0.00035134068,0.0,-0.0016305833,0.0,0.0004668395,0.0,0.0,0.0,0.0,0.0,0.0,0.0,0.0,0.0012428432,0.0,0.0,0.0,0.0,0.0,0.0,0.0,0.0,0.0,0.0,0.0,0.0,0.0,0.0,0.0,-0.0021521894,0.0,-0.0007206944,0.0,0.0,-0.029753346,0.0,0.0,0.0,0.0,0.0,0.0,0.0,0.0,0.0,0.0,0.0,0.0,0.0,0.00717228,0.0,0.0,0.0,0.0010018946,0.0,0.0,0.0,0.0,-0.0006928529,0.0,0.0,0.0,0.0,0.0,0.00022042627,0.0033101067,0.0,0.0,0.0,0.0,0.0,-0.00051788666,0.0,0.0,0.0,0.0,0.0,-0.00036145834,0.0,0.0,0.0,0.0,0.0,0.0014833687,0.0,0.0,0.0,0.0,0.0,0.0,0.0,0.0,0.0,0.0,0.0,0.0,0.0,0.0,0.0,0.0,0.0,0.0,0.0,-0.027088545,0.0,0.0,0.0,0.0,0.0,-0.005479478,0.0,-0.04194304,0.0,0.0,0.006205902,-0.00055077986,0.0,0.0,0.0,0.0,0.0,0.0,0.0,0.0,0.0,0.0,0.0,0.0,0.0,0.0,0.0,0.0,0.0,0.0,0.0,-0.0010721154,0.0,0.013690721,-0.00495068,0.0,0.0,0.0,0.0,0.0,0.0,0.0,0.0,0.0,0.0,0.0,0.0,0.0,0.0,0.0,0.0,0.0,0.0,0.0,0.0,0.0,0.0,0.0,0.0,0.0,0.0,0.0013148019,0.0,0.0,0.0,0.004567559,0.0,0.0,0.23606214,0.0
0.0024922898,-0.00018564095,0.0,0.0,0.0,0.0,0.0,0.00038039606,0.0,-0.012571982,0.0,0.00027695112,0.0,0.0,0.0,0.0,0.0,0.0,0.0,0.0,-0.033890076,0.0,0.0,0.0,0.0,0.0,0.0,0.0,0.0,0.0,0.0,0.0,0.0,0.0,0.0,0.0,0.0021271291,0.0,-0.00065685436,0.0,0.0,-0.004969131,0.0,0.0,0.0,0.0,0.0,0.0,0.0,0.0,0.0,0.0,0.0,0.0,0.0,-0.00040377333,0.0,0.0,0.0,0.0004972898,0.0,0.0,0.0,0.0,-0.0006446778,0.0,0.0,0.0,0.0,0.0,-0.02364857,0.0023147117,0.0,0.0,0.0,0.0,0.0,-0.002423259,0.0,0.0,0.0,0.0,0.0,-0.000322905,0.0,0.0,0.0,0.0,0.0,0.004937339,0.0,0.0,0.0,0.0,0.0,0.0,0.0,0.0,0.0,0.0,0.0,0.0,0.0,0.0,0.0,0.0,0.0,0.0,0.0,-0.0027979692,0.0,0.0,0.0,0.0,0.0,-0.017949317,0.0,0.0024661878,0.0,0.0,0.004337094,-0.0019155937,0.0,0.0,0.0,0.0,0.0,0.0,0.0,0.0,0.0,0.0,0.0,0.0,0.0,0.0,0.0,0.0,0.0,0.0,0.0,-0.0009889496,0.0,0.0026250621,0.0013033542,0.0,0.0,0.0,0.0,0.0,0.0,0.0,0.0,0.0,0.0,0.0,0.0,0.0,0.0,0.0,0.0,0.0,0.0,0.0,0.0,0.0,0.0,0.0,0.0,0.0,0.0,0.0026586927,0.0,0.0,0.0,-0.0037683784,0.0,0.0,0.39866224,1.0
-0.005976682,-0.0005126418,0.0,0.0,0.0,0.0,0.0,0.0015348857,0.0,-0.024656266,0.0,-0.0021315117,0.0,0.0,0.0,0.0,0.0,0.0,0.0,0.0,-0.0084695015,0.0,0.0,0.0,0.0,0.0,0.0,0.0,0.0,0.0,0.0,0.0,0.0,0.0,0.0,0.0,0.0009370918,0.0,-0.00065685436,0.0,0.0,0.0012907018,0.0,0.0,0.0,0.0,0.0,0.0,0.0,0.0,0.0,0.0,0.0,0.0,0.0,-0.0009041742,0.0,0.0,0.0,0.0008853866,0.0,0.0,0.0,0.0,0.00046927406,0.0,0.0,0.0,0.0,0.0,0.00041771802,0.002714754,0.0,0.0,0.0,0.0,0.0,-0.019625971,0.0,0.0,0.0,0.0,0.0,-0.000322905,0.0,0.0,0.0,0.0,0.0,-0.0013892627,0.0,0.0,0.0,0.0,0.0,0.0,0.0,0.0,0.0,0.0,0.0,0.0,0.0,0.0,0.0,0.0,0.0,0.0,0.0,-0.0003638039,0.0,0.0,0.0,0.0,0.0,-0.016659815,0.0,0.009820896,0.0,0.0,0.004800893,-0.010594118,0.0,0.0,0.0,0.0,0.0,0.0,0.0,0.0,0.0,0.0,0.0,0.0,0.0,0.0,0.0,0.0,0.0,0.0,0.0,-0.0013923624,0.0,-0.0004989258,-0.0019753145,0.0,0.0,0.0,0.0,0.0,0.0,0.0,0.0,0.0,0.0,0.0,0.0,0.0,0.0,0.0,0.0,0.0,0.0,0.0,0.0,0.0,0.0,0.0,0.0,0.0,0.0,0.0024529418,0.0,0.0,0.0,-0.019914983,0.0,0.0,0.23378918,0.0
0.006850052,-0.00059347774,0.0,0.0,0.0,0.0,0.0,-0.00035134068,0.0,-0.014142905,0.0,0.0010259551,0.0,0.0,0.0,0.0,0.0,0.0,0.0,0.0,-0.0009014755,0.0,0.0,0.0,0.0,0.0,0.0,0.0,0.0,0.0,0.0,0.0,0.0,0.0,0.0,0.0,0.0009955865,0.0,-0.00049269607,0.0,0.0,-0.046936385,0.0,0.0,0.0,0.0,0.0,0.0,0.0,0.0,0.0,0.0,0.0,0.0,0.0,0.0020963126,0.0,0.0,0.0,0.00037354574,0.0,0.0,0.0,0.0,-0.0005263491,0.0,0.0,0.0,0.0,0.0,0.00031923674,-0.01354321,0.0,0.0,0.0,0.0,0.0,-0.00051788666,0.0,0.0,0.0,0.0,0.0,-0.0019989568,0.0,0.0,0.0,0.0,0.0,-0.0028826965,0.0,0.0,0.0,0.0,0.0,0.0,0.0,0.0,0.0,0.0,0.0,0.0,0.0,0.0,0.0,0.0,0.0,0.0,0.0,-0.0037893583,0.0,0.0,0.0,0.0,0.0,0.0013592043,0.0,-0.009443708,0.0,0.0,0.002117455,-0.00055077986,0.0,0.0,0.0,0.0,0.0,0.0,0.0,0.0,0.0,0.0,0.0,0.0,0.0,0.0,0.0,0.0,0.0,0.0,0.0,-0.0007800588,0.0,-0.0073291603,0.002407113,0.0,0.0,0.0,0.0,0.0,0.0,0.0,0.0,0.0,0.0,0.0,0.0,0.0,0.0,0.0,0.0,0.0,0.0,0.0,0.0,0.0,0.0,0.0,0.0,0.0,0.0,0.0018847936,0.0,0.0,0.0,-0.006067064,0.0,0.0,0.1433911,0.0
0.0015301936,-0.00018564095,0.0,0.0,0.0,0.0,0.0,0.00038039606,0.0,0.02242721,0.0,-0.0022461726,0.0,0.0,0.0,0.0,0.0,0.0,0.0,0.0,0.0013463399,0.0,0.0,0.0,0.0,0.0,0.0,0.0,0.0,0.0,0.0,0.0,0.0,0.0,0.0,0.0,-0.0052469494,0.0,-0.00065685436,0.0,0.0,-0.0032294884,0.0,0.0,0.0,0.0,0.0,0.0,0.0,0.0,0.0,0.0,0.0,0.0,0.0,-0.00040377333,0.0,0.0,0.0,0.0008853866,0.0,0.0,0.0,0.0,-0.0006446778,0.0,0.0,0.0,0.0,0.0,0.0024467134,0.0026815801,0.0,0.0,0.0,0.0,0.0,-0.002423259,0.0,0.0,0.0,0.0,0.0,-0.000322905,0.0,0.0,0.0,0.0,0.0,-0.0013892627,0.0,0.0,0.0,0.0,0.0,0.0,0.0,0.0,0.0,0.0,0.0,0.0,0.0,0.0,0.0,0.0,0.0,0.0,0.0,-0.00093455415,0.0,0.0,0.0,0.0,0.0,0.010899487,0.0,0.024424376,0.0,0.0,0.005204306,-0.0019155937,0.0,0.0,0.0,0.0,0.0,0.0,0.0,0.0,0.0,0.0,0.0,0.0,0.0,0.0,0.0,0.0,0.0,0.0,0.0,-0.0009889496,0.0,-0.0014052948,0.00070287706,0.0,0.0,0.0,0.0,0.0,0.0,0.0,0.0,0.0,0.0,0.0,0.0,0.0,0.0,0.0,0.0,0.0,0.0,0.0,0.0,0.0,0.0,0.0,0.0,0.0,0.0,0.013648662,0.0,0.0,0.0,0.023602314,0.0,0.0,0.3452793,1.0
0.0018564927,-0.00018564095,0.0,0.0,0.0,0.0,0.0,0.00026812995,0.0,-0.04450296,0.0,0.00017989,0.0,0.0,0.0,0.0,0.0,0.0,0.0,0.0,0.0008939812,0.0,0.0,0.0,0.0,0.0,0.0,0.0,0.0,0.0,0.0,0.0,0.0,0.0,0.0,0.0,0.00046710993,0.0,-0.0007498248,0.0,0.0,-0.0032805926,0.0,0.0,0.0,0.0,0.0,0.0,0.0,0.0,0.0,0.0,0.0,0.0,0.0,-0.00084539375,0.0,0.0,0.0,0.0005674023,0.0,0.0,0.0,0.0,0.000519827,0.0,0.0,0.0,0.0,0.0,0.0005644697,-0.05226223,0.0,0.0,0.0,0.0,0.0,0.0013777877,0.0,0.0,0.0,0.0,0.0,-0.00712193,0.0,0.0,0.0,0.0,0.0,0.0060694036,0.0,0.0,0.0,0.0,0.0,0.0,0.0,0.0,0.0,0.0,0.0,0.0,0.0,0.0,0.0,0.0,0.0,0.0,0.0,0.00058055075,0.0,0.0,0.0,0.0,0.0,0.0012391204,0.0,0.0067928606,0.0,0.0,0.004688822,0.0016754908,0.0,0.0,0.0,0.0,0.0,0.0,0.0,0.0,0.0,0.0,0.0,0.0,0.0,0.0,0.0,0.0,0.0,0.0,0.0,-0.0015964215,0.0,-0.0024586422,-0.0026805915,0.0,0.0,0.0,0.0,0.0,0.0,0.0,0.0,0.0,0.0,0.0,0.0,0.0,0.0,0.0,0.0,0.0,0.0,0.0,0.0,0.0,0.0,0.0,0.0,0.0,0.0,0.00327445,0.0,0.0,0.0,-0.0077188034,0.0,0.0,0.40568122,0.0
0.0030784789,-0.00018564095,0.0,0.0,0.0,0.0,0.0,-0.00073235825,0.0,-0.008719418,0.0,-0.0037455857,0.0,0.0,0.0,0.0,0.0,0.0,0.0,0.0,0.0004808738,0.0,0.0,0.0,0.0,0.0,0.0,0.0,0.0,0.0,0.0,0.0,0.0,0.0,0.0,0.0,-0.0042562652,0.0,-0.00132788,0.0,0.0,0.002116132,0.0,0.0,0.0,0.0,0.0,0.0,0.0,0.0,0.0,0.0,0.0,0.0,0.0,0.0012976124,0.0,0.0,0.0,0.0029408445,0.0,0.0,0.0,0.0,0.0007553407,0.0,0.0,0.0,0.0,0.0,0.0003176419,0.0015911106,0.0,0.0,0.0,0.0,0.0,-0.0011416811,0.0,0.0,0.0,0.0,0.0,0.005233601,0.0,0.0,0.0,0.0,0.0,-0.0027991934,0.0,0.0,0.0,0.0,0.0,0.0,0.0,0.0,0.0,0.0,0.0,0.0,0.0,0.0,0.0,0.0,0.0,0.0,0.0,0.00030489074,0.0,0.0,0.0,0.0,0.0,0.0011956701,0.0,0.013631277,0.0,0.0,0.016922412,0.009008914,0.0,0.0,0.0,0.0,0.0,0.0,0.0,0.0,0.0,0.0,0.0,0.0,0.0,0.0,0.0,0.0,0.0,0.0,0.0,-0.0028998791,0.0,-0.0009735323,-9.8692486e-05,0.0,0.0,0.0,0.0,0.0,0.0,0.0,0.0,0.0,0.0,0.0,0.0,0.0,0.0,0.0,0.0,0.0,0.0,0.0,0.0,0.0,0.0,0.0,0.0,0.0,0.0,0.0018755894,0.0,0.0,0.0,0.0065764124,0.0,0.0,0.51436216,0.0
0.002325962,-0.00018564095,0.0,0.0,0.0,0.0,0.0,-0.0012042854,0.0,0.0012800023,0.0,0.00028797178,0.0,0.0,0.0,0.0,0.0,0.0,0.0,0.0,-0.00089792884,0.0,0.0,0.0,0.0,0.0,0.0,0.0,0.0,0.0,0.0,0.0,0.0,0.0,0.0,0.0,0.0003837576,0.0,-0.0022832756,0.0,0.0,0.0024334001,0.0,0.0,0.0,0.0,0.0,0.0,0.0,0.0,0.0,0.0,0.0,0.0,0.0,-0.001865376,0.0,0.0,0.0,0.00097043416,0.0,0.0,0.0,0.0,-0.025232654,0.0,0.0,0.0,0.0,0.0,0.0003176419,0.0061868574,0.0,0.0,0.0,0.0,0.0,-0.0020285838,0.0,0.0,0.0,0.0,0.0,-0.00063473743,0.0,0.0,0.0,0.0,0.0,0.0014487694,0.0,0.0,0.0,0.0,0.0,0.0,0.0,0.0,0.0,0.0,0.0,0.0,0.0,0.0,0.0,0.0,0.0,0.0,0.0,-0.00049080444,0.0,0.0,0.0,0.0,0.0,0.0013517691,0.0,0.0069887075,0.0,0.0,-0.03242566,-0.0028703648,0.0,0.0,0.0,0.0,0.0,0.0,0.0,0.0,0.0,0.0,0.0,0.0,0.0,0.0,0.0,0.0,0.0,0.0,0.0,0.019801747,0.0,-0.00068881933,-0.0054593934,0.0,0.0,0.0,0.0,0.0,0.0,0.0,0.0,0.0,0.0,0.0,0.0,0.0,0.0,0.0,0.0,0.0,0.0,0.0,0.0,0.0,0.0,0.0,0.0,0.0,0.0,0.0018755894,0.0,0.0,0.0,-0.011535506,0.0,0.0,0.29524976,0.0
0.0053053205,-0.00059347774,0.0,0.0,0.0,0.0,0.0,-0.00064039824,0.0,-0.008904653,0.0,-0.00527647,0.0,0.0,0.0,0.0,0.0,0.0,0.0,0.0,-0.0009014755,0.0,0.0,0.0,0.0,0.0,0.0,0.0,0.0,0.0,0.0,0.0,0.0,0.0,0.0,0.0,0.0003958188,0.0,-0.0007206944,0.0,0.0,-0.03447348,0.0,0.0,0.0,0.0,0.0,0.0,0.0,0.0,0.0,0.0,0.0,0.0,0.0,0.00717228,0.0,0.0,0.0,0.00054544024,0.0,0.0,0.0,0.0,0.00050434173,0.0,0.0,0.0,0.0,0.0,0.00028549368,0.0020412307,0.0,0.0,0.0,0.0,0.0,0.001104617,0.0,0.0,0.0,0.0,0.0,-0.00036145834,0.0,0.0,0.0,0.0,0.0,-0.005854992,0.0,0.0,0.0,0.0,0.0,0.0,0.0,0.0,0.0,0.0,0.0,0.0,0.0,0.0,0.0,0.0,0.0,0.0,0.0,-0.0037893583,0.0,0.0,0.0,0.0,0.0,0.0011578036,0.0,-0.025725195,0.0,0.0,0.0026905574,-0.00046401884,0.0,0.0,0.0,0.0,0.0,0.0,0.0,0.0,0.0,0.0,0.0,0.0,0.0,0.0,0.0,0.0,0.0,0.0,0.0,-0.001532328,0.0,-0.0073291603,-0.0003224664,0.0,0.0,0.0,0.0,0.0,0.0,0.0,0.0,0.0,0.0,0.0,0.0,0.0,0.0,0.0,0.0,0.0,0.0,0.0,0.0,0.0,0.0,0.0,0.0,0.0,0.0,-0.0018170208,0.0,0.0,0.0,-0.013914504,0.0,0.0,0.23720181,1.0
0.0035736533,-0.00018564095,0.0,0.0,0.0,0.0,0.0,0.012261035,0.0,0.0372646,0.0,0.00028797178,0.0,0.0,0.0,0.0,0.0,0.0,0.0,0.0,0.0056896564,0.0,0.0,0.0,0.0,0.0,0.0,0.0,0.0,0.0,0.0,0.0,0.0,0.0,0.0,0.0,0.0024295447,0.0,0.0014134336,0.0,0.0,0.0036518476,0.0,0.0,0.0,0.0,0.0,0.0,0.0,0.0,0.0,0.0,0.0,0.0,0.0,0.0037651546,0.0,0.0,0.0,0.0005164696,0.0,0.0,0.0,0.0,0.00067885185,0.0,0.0,0.0,0.0,0.0,0.00041771802,-0.020808073,0.0,0.0,0.0,0.0,0.0,0.04186086,0.0,0.0,0.0,0.0,0.0,-0.0016613216,0.0,0.0,0.0,0.0,0.0,0.00094350503,0.0,0.0,0.0,0.0,0.0,0.0,0.0,0.0,0.0,0.0,0.0,0.0,0.0,0.0,0.0,0.0,0.0,0.0,0.0,-0.00049080444,0.0,0.0,0.0,0.0,0.0,-0.0073907133,0.0,0.0047169053,0.0,0.0,0.0011331737,-0.004067907,0.0,0.0,0.0,0.0,0.0,0.0,0.0,0.0,0.0,0.0,0.0,0.0,0.0,0.0,0.0,0.0,0.0,0.0,0.0,0.0018029249,0.0,-0.00068881933,-0.002976556,0.0,0.0,0.0,0.0,0.0,0.0,0.0,0.0,0.0,0.0,0.0,0.0,0.0,0.0,0.0,0.0,0.0,0.0,0.0,0.0,0.0,0.0,0.0,0.0,0.0,0.0,0.0024529418,0.0,0.0,0.0,-0.012502795,0.0,0.0,0.32473493,0.0
-0.004480936,-0.0005126418,0.0,0.0,0.0,0.0,0.0,0.00050693215,0.0,-0.011360252,0.0,0.00018291186,0.0,0.0,0.0,0.0,0.0,0.0,0.0,0.0,0.0018322592,0.0,0.0,0.0,0.0,0.0,0.0,0.0,0.0,0.0,0.0,0.0,0.0,0.0,0.0,0.0,0.00082073256,0.0,-0.00048023203,0.0,0.0,-0.0033633397,0.0,0.0,0.0,0.0,0.0,0.0,0.0,0.0,0.0,0.0,0.0,0.0,0.0,-0.0002992929,0.0,0.0,0.0,0.001057412,0.0,0.0,0.0,0.0,-0.0016631235,0.0,0.0,0.0,0.0,0.0,0.00021955928,-0.064423144,0.0,0.0,0.0,0.0,0.0,-0.0034371342,0.0,0.0,0.0,0.0,0.0,-0.00712193,0.0,0.0,0.0,0.0,0.0,-0.0015851336,0.0,0.0,0.0,0.0,0.0,0.0,0.0,0.0,0.0,0.0,0.0,0.0,0.0,0.0,0.0,0.0,0.0,0.0,0.0,-0.0005936178,0.0,0.0,0.0,0.0,0.0,-0.0036537307,0.0,0.007548125,0.0,0.0,0.0043395734,-0.0027083338,0.0,0.0,0.0,0.0,0.0,0.0,0.0,0.0,0.0,0.0,0.0,0.0,0.0,0.0,0.0,0.0,0.0,0.0,0.0,0.0026262305,0.0,-0.00084254786,0.0008561373,0.0,0.0,0.0,0.0,0.0,0.0,0.0,0.0,0.0,0.0,0.0,0.0,0.0,0.0,0.0,0.0,0.0,0.0,0.0,0.0,0.0,0.0,0.0,0.0,0.0,0.0,0.0013097369,0.0,0.0,0.0,-0.007161463,0.0,0.0,0.37869063,0.0
0.0022328203,-0.00018564095,0.0,0.0,0.0,0.0,0.0,-0.0036463272,0.0,-0.02844696,0.0,-0.0020332136,0.0,0.0,0.0,0.0,0.0,0.0,0.0,0.0,-0.0084695015,0.0,0.0,0.0,0.0,0.0,0.0,0.0,0.0,0.0,0.0,0.0,0.0,0.0,0.0,0.0,0.0009324403,0.0,-0.00065685436,0.0,0.0,-0.0047721523,0.0,0.0,0.0,0.0,0.0,0.0,0.0,0.0,0.0,0.0,0.0,0.0,0.0,0.0017063787,0.0,0.0,0.0,0.0008853866,0.0,0.0,0.0,0.0,-0.0006446778,0.0,0.0,0.0,0.0,0.0,0.000368529,0.0027884392,0.0,0.0,0.0,0.0,0.0,-0.008068884,0.0,0.0,0.0,0.0,0.0,-0.000322905,0.0,0.0,0.0,0.0,0.0,0.0013524202,0.0,0.0,0.0,0.0,0.0,0.0,0.0,0.0,0.0,0.0,0.0,0.0,0.0,0.0,0.0,0.0,0.0,0.0,0.0,-0.00093455415,0.0,0.0,0.0,0.0,0.0,-0.01336883,0.0,0.006694755,0.0,0.0,0.0054604984,-0.015846178,0.0,0.0,0.0,0.0,0.0,0.0,0.0,0.0,0.0,0.0,0.0,0.0,0.0,0.0,0.0,0.0,0.0,0.0,0.0,-0.0009889496,0.0,-0.0014052948,-0.0009802334,0.0,0.0,0.0,0.0,0.0,0.0,0.0,0.0,0.0,0.0,0.0,0.0,0.0,0.0,0.0,0.0,0.0,0.0,0.0,0.0,0.0,0.0,0.0,0.0,0.0,0.0,-0.0023647398,0.0,0.0,0.0,-0.020006321,0.0,0.0,0.18574458,0.0
0.0017223001,-0.00018564095,0.0,0.0,0.0,0.0,0.0,0.0012468917,0.0,0.026327558,0.0,0.00019873172,0.0,0.0,0.0,0.0,0.0,0.0,0.0,0.0,-0.002004133,0.0,0.0,0.0,0.0,0.0,0.0,0.0,0.0,0.0,0.0,0.0,0.0,0.0,0.0,0.0,-0.0044186516,0.0,-0.00065685436,0.0,0.0,-0.004215654,0.0,0.0,0.0,0.0,0.0,0.0,0.0,0.0,0.0,0.0,0.0,0.0,0.0,-0.00040377333,0.0,0.0,0.0,-0.009775156,0.0,0.0,0.0,0.0,-0.0006446778,0.0,0.0,0.0,0.0,0.0,0.0018861255,0.0019143361,0.0,0.0,0.0,0.0,0.0,0.005168647,0.0,0.0,0.0,0.0,0.0,-0.000322905,0.0,0.0,0.0,0.0,0.0,0.004937339,0.0,0.0,0.0,0.0,0.0,0.0,0.0,0.0,0.0,0.0,0.0,0.0,0.0,0.0,0.0,0.0,0.0,0.0,0.0,-0.00093455415,0.0,0.0,0.0,0.0,0.0,0.0109802345,0.0,0.018463232,0.0,0.0,0.003377202,-0.0010188452,0.0,0.0,0.0,0.0,0.0,0.0,0.0,0.0,0.0,0.0,0.0,0.0,0.0,0.0,0.0,0.0,0.0,0.0,0.0,-0.0009889496,0.0,-0.0014052948,0.00093238335,0.0,0.0,0.0,0.0,0.0,0.0,0.0,0.0,0.0,0.0,0.0,0.0,0.0,0.0,0.0,0.0,0.0,0.0,0.0,0.0,0.0,0.0,0.0,0.0,0.0,0.0,-0.013157883,0.0,0.0,0.0,0.00013259402,0.0,0.0,0.47820085,0.0
0.0021910586,-0.00018564095,0.0,0.0,0.0,0.0,0.0,-0.00090368197,0.0,0.009452577,0.0,0.00027695112,0.0,0.0,0.0,0.0,0.0,0.0,0.0,0.0,-0.003308233,0.0,0.0,0.0,0.0,0.0,0.0,0.0,0.0,0.0,0.0,0.0,0.0,0.0,0.0,0.0,0.00060536293,0.0,-0.00065685436,0.0,0.0,-0.0057760505,0.0,0.0,0.0,0.0,0.0,0.0,0.0,0.0,0.0,0.0,0.0,0.0,0.0,-0.00040377333,0.0,0.0,0.0,0.0008853866,0.0,0.0,0.0,0.0,-0.0006446778,0.0,0.0,0.0,0.0,0.0,0.0018861255,0.0026815801,0.0,0.0,0.0,0.0,0.0,-0.0014896377,0.0,0.0,0.0,0.0,0.0,-0.000322905,0.0,0.0,0.0,0.0,0.0,-0.0013892627,0.0,0.0,0.0,0.0,0.0,0.0,0.0,0.0,0.0,0.0,0.0,0.0,0.0,0.0,0.0,0.0,0.0,0.0,0.0,0.00058055075,0.0,0.0,0.0,0.0,0.0,0.009676134,0.0,0.016056677,0.0,0.0,0.005204306,-0.0020282157,0.0,0.0,0.0,0.0,0.0,0.0,0.0,0.0,0.0,0.0,0.0,0.0,0.0,0.0,0.0,0.0,0.0,0.0,0.0,-0.0009889496,0.0,-0.0024586422,0.0013033542,0.0,0.0,0.0,0.0,0.0,0.0,0.0,0.0,0.0,0.0,0.0,0.0,0.0,0.0,0.0,0.0,0.0,0.0,0.0,0.0,0.0,0.0,0.0,0.0,0.0,0.0,-0.013157883,0.0,0.0,0.0,0.020068951,0.0,0.0,0.21975791,1.0
0.002747853,-0.00018564095,0.0,0.0,0.0,0.0,0.0,-0.00090368197,0.0,0.022061786,0.0,-0.0032548124,0.0,0.0,0.0,0.0,0.0,0.0,0.0,0.0,0.0013463399,0.0,0.0,0.0,0.0,0.0,0.0,0.0,0.0,0.0,0.0,0.0,0.0,0.0,0.0,0.0,-0.002974962,0.0,-0.00065685436,0.0,0.0,0.003125614,0.0,0.0,0.0,0.0,0.0,0.0,0.0,0.0,0.0,0.0,0.0,0.0,0.0,0.0037651546,0.0,0.0,0.0,0.0008853866,0.0,0.0,0.0,0.0,-0.0006446778,0.0,0.0,0.0,0.0,0.0,0.0024467134,0.0026815801,0.0,0.0,0.0,0.0,0.0,-0.0014896377,0.0,0.0,0.0,0.0,0.0,-0.000322905,0.0,0.0,0.0,0.0,0.0,-0.0013892627,0.0,0.0,0.0,0.0,0.0,0.0,0.0,0.0,0.0,0.0,0.0,0.0,0.0,0.0,0.0,0.0,0.0,0.0,0.0,-0.00049080444,0.0,0.0,0.0,0.0,0.0,0.010899487,0.0,0.011589353,0.0,0.0,0.005204306,-0.0020282157,0.0,0.0,0.0,0.0,0.0,0.0,0.0,0.0,0.0,0.0,0.0,0.0,0.0,0.0,0.0,0.0,0.0,0.0,0.0,-0.0009889496,0.0,-0.00068881933,-0.00073248014,0.0,0.0,0.0,0.0,0.0,0.0,0.0,0.0,0.0,0.0,0.0,0.0,0.0,0.0,0.0,0.0,0.0,0.0,0.0,0.0,0.0,0.0,0.0,0.0,0.0,0.0,0.013648662,0.0,0.0,0.0,0.024535937,0.0,0.0,0.508206,0.0
0.001643673,-0.00018564095,0.0,0.0,0.0,0.0,0.0,-0.00047079078,0.0,-0.023533136,0.0,0.00019873172,0.0,0.0,0.0,0.0,0.0,0.0,0.0,0.0,-0.0009818572,0.0,0.0,0.0,0.0,0.0,0.0,0.0,0.0,0.0,0.0,0.0,0.0,0.0,0.0,0.0,-0.0037395614,0.0,-0.00132788,0.0,0.0,-0.004215654,0.0,0.0,0.0,0.0,0.0,0.0,0.0,0.0,0.0,0.0,0.0,0.0,0.0,-0.00040377333,0.0,0.0,0.0,0.0010019778,0.0,0.0,0.0,0.0,0.0007553407,0.0,0.0,0.0,0.0,0.0,0.00048274582,-0.003803644,0.0,0.0,0.0,0.0,0.0,-0.00071351556,0.0,0.0,0.0,0.0,0.0,0.005233601,0.0,0.0,0.0,0.0,0.0,-0.021196745,0.0,0.0,0.0,0.0,0.0,0.0,0.0,0.0,0.0,0.0,0.0,0.0,0.0,0.0,0.0,0.0,0.0,0.0,0.0,-0.00093455415,0.0,0.0,0.0,0.0,0.0,0.0024513793,0.0,0.008518042,0.0,0.0,0.004717104,-0.00081545894,0.0,0.0,0.0,0.0,0.0,0.0,0.0,0.0,0.0,0.0,0.0,0.0,0.0,0.0,0.0,0.0,0.0,0.0,0.0,-0.0028998791,0.0,-0.0014052948,0.00093238335,0.0,0.0,0.0,0.0,0.0,0.0,0.0,0.0,0.0,0.0,0.0,0.0,0.0,0.0,0.0,0.0,0.0,0.0,0.0,0.0,0.0,0.0,0.0,0.0,0.0,0.0,-0.0031567083,0.0,0.0,0.0,-0.04510674,0.0,0.0,0.5683595,1.0
-0.0024405045,0.005673619,0.0,0.0,0.0,0.0,0.0,0.00038039606,0.0,-0.019418277,0.0,0.00014749842,0.0,0.0,0.0,0.0,0.0,0.0,0.0,0.0,-0.012836847,0.0,0.0,0.0,0.0,0.0,0.0,0.0,0.0,0.0,0.0,0.0,0.0,0.0,0.0,0.0,-0.009186367,0.0,-0.00065685436,0.0,0.0,0.00091463944,0.0,0.0,0.0,0.0,0.0,0.0,0.0,0.0,0.0,0.0,0.0,0.0,0.0,-0.0009041742,0.0,0.0,0.0,0.0008853866,0.0,0.0,0.0,0.0,0.00046927406,0.0,0.0,0.0,0.0,0.0,0.00067876023,0.002714754,0.0,0.0,0.0,0.0,0.0,-0.002423259,0.0,0.0,0.0,0.0,0.0,-0.000322905,0.0,0.0,0.0,0.0,0.0,-0.0013892627,0.0,0.0,0.0,0.0,0.0,0.0,0.0,0.0,0.0,0.0,0.0,0.0,0.0,0.0,0.0,0.0,0.0,0.0,0.0,-0.00062464946,0.0,0.0,0.0,0.0,0.0,-0.050053574,0.0,0.0020557952,0.0,0.0,0.004800893,-0.001526776,0.0,0.0,0.0,0.0,0.0,0.0,0.0,0.0,0.0,0.0,0.0,0.0,0.0,0.0,0.0,0.0,0.0,0.0,0.0,-0.0013923624,0.0,0.0009319831,-0.00201934,0.0,0.0,0.0,0.0,0.0,0.0,0.0,0.0,0.0,0.0,0.0,0.0,0.0,0.0,0.0,0.0,0.0,0.0,0.0,0.0,0.0,0.0,0.0,0.0,0.0,0.0,-0.0044890083,0.0,0.0,0.0,0.009310591,0.0,0.0,0.34908804,0.0
-0.0039426885,-0.0005126418,0.0,0.0,0.0,0.0,0.0,-0.00047079078,0.0,-0.03692197,0.0,0.00013292987,0.0,0.0,0.0,0.0,0.0,0.0,0.0,0.0,0.0038913544,0.0,0.0,0.0,0.0,0.0,0.0,0.0,0.0,0.0,0.0,0.0,0.0,0.0,0.0,0.0,0.001591866,0.0,-0.0007498248,0.0,0.0,-0.002384367,0.0,0.0,0.0,0.0,0.0,0.0,0.0,0.0,0.0,0.0,0.0,0.0,0.0,-0.0005280041,0.0,0.0,0.0,0.0005674023,0.0,0.0,0.0,0.0,-0.0007141262,0.0,0.0,0.0,0.0,0.0,0.0002906361,-0.026054254,0.0,0.0,0.0,0.0,0.0,-0.00071351556,0.0,0.0,0.0,0.0,0.0,-0.00712193,0.0,0.0,0.0,0.0,0.0,-0.0062347474,0.0,0.0,0.0,0.0,0.0,0.0,0.0,0.0,0.0,0.0,0.0,0.0,0.0,0.0,0.0,0.0,0.0,0.0,0.0,-0.0005936178,0.0,0.0,0.0,0.0,0.0,-0.0034669065,0.0,0.0071841814,0.0,0.0,0.0032827915,-0.0007072554,0.0,0.0,0.0,0.0,0.0,0.0,0.0,0.0,0.0,0.0,0.0,0.0,0.0,0.0,0.0,0.0,0.0,0.0,0.0,-0.0011094302,0.0,-0.00084254786,-0.0017608068,0.0,0.0,0.0,0.0,0.0,0.0,0.0,0.0,0.0,0.0,0.0,0.0,0.0,0.0,0.0,0.0,0.0,0.0,0.0,0.0,0.0,0.0,0.0,0.0,0.0,0.0,-0.0018509467,0.0,0.0,0.0,-0.012648027,0.0,0.0,0.23922728,0.0
0.008552537,-0.00059347774,0.0,0.0,0.0,0.0,0.0,-0.00057863566,0.0,0.00436151,0.0,0.001089439,0.0,0.0,0.0,0.0,0.0,0.0,0.0,0.0,-0.0017183399,0.0,0.0,0.0,0.0,0.0,0.0,0.0,0.0,0.0,0.0,0.0,0.0,0.0,0.0,0.0,0.0011429731,0.0,-0.00032560626,0.0,0.0,0.008346423,0.0,0.0,0.0,0.0,0.0,0.0,0.0,0.0,0.0,0.0,0.0,0.0,0.0,-0.016648136,0.0,0.0,0.0,0.00049726065,0.0,0.0,0.0,0.0,0.0006562872,0.0,0.0,0.0,0.0,0.0,0.0006608338,0.0016560262,0.0,0.0,0.0,0.0,0.0,-0.00089013786,0.0,0.0,0.0,0.0,0.0,-0.00022556304,0.0,0.0,0.0,0.0,0.0,-0.00094114617,0.0,0.0,0.0,0.0,0.0,0.0,0.0,0.0,0.0,0.0,0.0,0.0,0.0,0.0,0.0,0.0,0.0,0.0,0.0,0.0007842351,0.0,0.0,0.0,0.0,0.0,0.0029553664,0.0,-0.052293386,0.0,0.0,0.0014143969,-0.0010544227,0.0,0.0,0.0,0.0,0.0,0.0,0.0,0.0,0.0,0.0,0.0,0.0,0.0,0.0,0.0,0.0,0.0,0.0,0.0,0.0021922344,0.0,-0.0035559854,-0.042611953,0.0,0.0,0.0,0.0,0.0,0.0,0.0,0.0,0.0,0.0,0.0,0.0,0.0,0.0,0.0,0.0,0.0,0.0,0.0,0.0,0.0,0.0,0.0,0.0,0.0,0.0,-0.004366237,0.0,0.0,0.0,0.0074396096,0.0,0.0,0.19467013,0.0
-0.0035502622,-0.0005126418,0.0,0.0,0.0,0.0,0.0,-0.00047079078,0.0,-0.043726046,0.0,0.00011044618,0.0,0.0,0.0,0.0,0.0,0.0,0.0,0.0,0.00065959356,0.0,0.0,0.0,0.0,0.0,0.0,0.0,0.0,0.0,0.0,0.0,0.0,0.0,0.0,0.0,-0.0026375377,0.0,-0.0025521605,0.0,0.0,-0.001991941,0.0,0.0,0.0,0.0,0.0,0.0,0.0,0.0,0.0,0.0,0.0,0.0,0.0,-0.0005280041,0.0,0.0,0.0,0.0005539055,0.0,0.0,0.0,0.0,-0.0017229116,0.0,0.0,0.0,0.0,0.0,0.0005644697,-0.025694143,0.0,0.0,0.0,0.0,0.0,-0.00071351556,0.0,0.0,0.0,0.0,0.0,-0.00712193,0.0,0.0,0.0,0.0,0.0,-0.0010242077,0.0,0.0,0.0,0.0,0.0,0.0,0.0,0.0,0.0,0.0,0.0,0.0,0.0,0.0,0.0,0.0,0.0,0.0,0.0,-0.0005936178,0.0,0.0,0.0,0.0,0.0,0.0022362345,0.0,0.008197646,0.0,0.0,-0.016128067,-0.0007072554,0.0,0.0,0.0,0.0,0.0,0.0,0.0,0.0,0.0,0.0,0.0,0.0,0.0,0.0,0.0,0.0,0.0,0.0,0.0,-0.0031432156,0.0,-0.00084254786,-0.0013683811,0.0,0.0,0.0,0.0,0.0,0.0,0.0,0.0,0.0,0.0,0.0,0.0,0.0,0.0,0.0,0.0,0.0,0.0,0.0,0.0,0.0,0.0,0.0,0.0,0.0,0.0,0.00327445,0.0,0.0,0.0,0.0070451912,0.0,0.0,0.27161536,0.0
0.0020878573,0.0020545651,0.0,0.0,0.0,0.0,0.0,0.00050693215,0.0,0.011898765,0.0,0.00028797178,0.0,0.0,0.0,0.0,0.0,0.0,0.0,0.0,0.0006032123,0.0,0.0,0.0,0.0,0.0,0.0,0.0,0.0,0.0,0.0,0.0,0.0,0.0,0.0,0.0,0.00044767113,0.0,-0.0006978067,0.0,0.0,0.0033671346,0.0,0.0,0.0,0.0,0.0,0.0,0.0,0.0,0.0,0.0,0.0,0.0,0.0,0.0037651546,0.0,0.0,0.0,0.0029408445,0.0,0.0,0.0,0.0,-0.0032555996,0.0,0.0,0.0,0.0,0.0,0.0003176419,0.009842277,0.0,0.0,0.0,0.0,0.0,-0.0034371342,0.0,0.0,0.0,0.0,0.0,-0.00063473743,0.0,0.0,0.0,0.0,0.0,0.00272496,0.0,0.0,0.0,0.0,0.0,0.0,0.0,0.0,0.0,0.0,0.0,0.0,0.0,0.0,0.0,0.0,0.0,0.0,0.0,0.00030489074,0.0,0.0,0.0,0.0,0.0,0.00080151786,0.0,0.0023120581,0.0,0.0,0.012571369,-0.0027083338,0.0,0.0,0.0,0.0,0.0,0.0,0.0,0.0,0.0,0.0,0.0,0.0,0.0,0.0,0.0,0.0,0.0,0.0,0.0,0.0041703163,0.0,-0.0009735323,-0.002976556,0.0,0.0,0.0,0.0,0.0,0.0,0.0,0.0,0.0,0.0,0.0,0.0,0.0,0.0,0.0,0.0,0.0,0.0,0.0,0.0,0.0,0.0,0.0,0.0,0.0,0.0,0.0018755894,0.0,0.0,0.0,-0.0077503514,0.0,0.0,0.42844418,0.0
0.019408297,-0.00059347774,0.0,0.0,0.0,0.0,0.0,-0.00035134068,0.0,-0.010210574,0.0,0.001089439,0.0,0.0,0.0,0.0,0.0,0.0,0.0,0.0,-0.0007182383,0.0,0.0,0.0,0.0,0.0,0.0,0.0,0.0,0.0,0.0,0.0,0.0,0.0,0.0,0.0,0.0003500865,0.0,-0.0023993794,0.0,0.0,0.023989122,0.0,0.0,0.0,0.0,0.0,0.0,0.0,0.0,0.0,0.0,0.0,0.0,0.0,0.03360331,0.0,0.0,0.0,0.00035569628,0.0,0.0,0.0,0.0,-0.0016461669,0.0,0.0,0.0,0.0,0.0,0.00028549368,0.0015273766,0.0,0.0,0.0,0.0,0.0,-0.00051788666,0.0,0.0,0.0,0.0,0.0,-0.00036145834,0.0,0.0,0.0,0.0,0.0,-0.0026731172,0.0,0.0,0.0,0.0,0.0,0.0,0.0,0.0,0.0,0.0,0.0,0.0,0.0,0.0,0.0,0.0,0.0,0.0,0.0,0.0007842351,0.0,0.0,0.0,0.0,0.0,0.0013410407,0.0,0.029418578,0.0,0.0,-0.008126863,-0.00055077986,0.0,0.0,0.0,0.0,0.0,0.0,0.0,0.0,0.0,0.0,0.0,0.0,0.0,0.0,0.0,0.0,0.0,0.0,0.0,-0.002978657,0.0,-0.0035559854,-0.013674952,0.0,0.0,0.0,0.0,0.0,0.0,0.0,0.0,0.0,0.0,0.0,0.0,0.0,0.0,0.0,0.0,0.0,0.0,0.0,0.0,0.0,0.0,0.0,0.0,0.0,0.0,-0.0018170208,0.0,0.0,0.0,-0.005836032,0.0,0.0,0.25365642,1.0
-0.006640315,-0.0005126418,0.0,0.0,0.0,0.0,0.0,-0.002962158,0.0,0.040817738,0.0,0.00011044618,0.0,0.0,0.0,0.0,0.0,0.0,0.0,0.0,0.0013463399,0.0,0.0,0.0,0.0,0.0,0.0,0.0,0.0,0.0,0.0,0.0,0.0,0.0,0.0,0.0,-0.004578271,0.0,-0.0020837209,0.0,0.0,-0.0007408991,0.0,0.0,0.0,0.0,0.0,0.0,0.0,0.0,0.0,0.0,0.0,0.0,0.0,-0.0005280041,0.0,0.0,0.0,0.0003309642,0.0,0.0,0.0,0.0,-0.0014803335,0.0,0.0,0.0,0.0,0.0,0.0018861255,0.0014848106,0.0,0.0,0.0,0.0,0.0,0.0031772964,0.0,0.0,0.0,0.0,0.0,-0.000322905,0.0,0.0,0.0,0.0,0.0,0.0023331884,0.0,0.0,0.0,0.0,0.0,0.0,0.0,0.0,0.0,0.0,0.0,0.0,0.0,0.0,0.0,0.0,0.0,0.0,0.0,0.00080375647,0.0,0.0,0.0,0.0,0.0,0.0077221813,0.0,0.017546946,0.0,0.0,-0.011186782,-0.0011818226,0.0,0.0,0.0,0.0,0.0,0.0,0.0,0.0,0.0,0.0,0.0,0.0,0.0,0.0,0.0,0.0,0.0,0.0,0.0,-0.0026321607,0.0,0.002313272,-0.0013683811,0.0,0.0,0.0,0.0,0.0,0.0,0.0,0.0,0.0,0.0,0.0,0.0,0.0,0.0,0.0,0.0,0.0,0.0,0.0,0.0,0.0,0.0,0.0,0.0,0.0,0.0,-0.013157883,0.0,0.0,0.0,0.0066578113,0.0,0.0,0.2514875,1.0
-0.004338523,-0.0005126418,0.0,0.0,0.0,0.0,0.0,-0.00047079078,0.0,-0.034674507,0.0,0.00013292987,0.0,0.0,0.0,0.0,0.0,0.0,0.0,0.0,0.0008939812,0.0,0.0,0.0,0.0,0.0,0.0,0.0,0.0,0.0,0.0,0.0,0.0,0.0,0.0,0.0,0.0004283243,0.0,-0.00132788,0.0,0.0,-0.0021592416,0.0,0.0,0.0,0.0,0.0,0.0,0.0,0.0,0.0,0.0,0.0,0.0,0.0,-0.0005280041,0.0,0.0,0.0,0.0010019778,0.0,0.0,0.0,0.0,0.0007553407,0.0,0.0,0.0,0.0,0.0,0.0005644697,0.003927614,0.0,0.0,0.0,0.0,0.0,-0.00071351556,0.0,0.0,0.0,0.0,0.0,-0.00063473743,0.0,0.0,0.0,0.0,0.0,-0.021196745,0.0,0.0,0.0,0.0,0.0,0.0,0.0,0.0,0.0,0.0,0.0,0.0,0.0,0.0,0.0,0.0,0.0,0.0,0.0,0.000368759,0.0,0.0,0.0,0.0,0.0,0.0012391204,0.0,0.01101261,0.0,0.0,0.004717104,-0.0007072554,0.0,0.0,0.0,0.0,0.0,0.0,0.0,0.0,0.0,0.0,0.0,0.0,0.0,0.0,0.0,0.0,0.0,0.0,0.0,-0.0028998791,0.0,-0.001238382,-0.0017608068,0.0,0.0,0.0,0.0,0.0,0.0,0.0,0.0,0.0,0.0,0.0,0.0,0.0,0.0,0.0,0.0,0.0,0.0,0.0,0.0,0.0,0.0,0.0,0.0,0.0,0.0,0.00327445,0.0,0.0,0.0,-0.044109628,0.0,0.0,0.35423467,1.0
0.0042898166,-0.00059347774,0.0,0.0,0.0,0.0,0.0,-0.00027802034,0.0,-0.00057011854,0.0,0.0004668395,0.0,0.0,0.0,0.0,0.0,0.0,0.0,0.0,-0.00274459,0.0,0.0,0.0,0.0,0.0,0.0,0.0,0.0,0.0,0.0,0.0,0.0,0.0,0.0,0.0,0.0007459598,0.0,-0.00046592625,0.0,0.0,-0.015218599,0.0,0.0,0.0,0.0,0.0,0.0,0.0,0.0,0.0,0.0,0.0,0.0,0.0,-0.0035533733,0.0,0.0,0.0,0.0010018946,0.0,0.0,0.0,0.0,-0.0015896666,0.0,0.0,0.0,0.0,0.0,0.00020220192,0.0033147102,0.0,0.0,0.0,0.0,0.0,-0.0004032756,0.0,0.0,0.0,0.0,0.0,-0.00036145834,0.0,0.0,0.0,0.0,0.0,-0.0015237789,0.0,0.0,0.0,0.0,0.0,0.0,0.0,0.0,0.0,0.0,0.0,0.0,0.0,0.0,0.0,0.0,0.0,0.0,0.0,-0.0037893583,0.0,0.0,0.0,0.0,0.0,-0.005277865,0.0,-0.06019401,0.0,0.0,0.004120094,0.0017286756,0.0,0.0,0.0,0.0,0.0,0.0,0.0,0.0,0.0,0.0,0.0,0.0,0.0,0.0,0.0,0.0,0.0,0.0,0.0,0.0025378999,0.0,-0.0073291603,-0.0100581115,0.0,0.0,0.0,0.0,0.0,0.0,0.0,0.0,0.0,0.0,0.0,0.0,0.0,0.0,0.0,0.0,0.0,0.0,0.0,0.0,0.0,0.0,0.0,0.0,0.0,0.0,-0.0012675244,0.0,0.0,0.0,0.005391958,0.0,0.0,0.26550066,1.0
-0.016153444,-0.0037940475,0.0,0.0,0.0,0.0,0.0,0.00026956937,0.0,-0.010781481,0.0,0.00047881776,0.0,0.0,0.0,0.0,0.0,0.0,0.0,0.0,-0.0009014755,0.0,0.0,0.0,0.0,0.0,0.0,0.0,0.0,0.0,0.0,0.0,0.0,0.0,0.0,0.0,0.00054205,0.0,-0.0023993794,0.0,0.0,-0.012323051,0.0,0.0,0.0,0.0,0.0,0.0,0.0,0.0,0.0,0.0,0.0,0.0,0.0,-0.00062805315,0.0,0.0,0.0,0.00035569628,0.0,0.0,0.0,0.0,0.0011982783,0.0,0.0,0.0,0.0,0.0,0.00028549368,0.0016611692,0.0,0.0,0.0,0.0,0.0,0.0013842486,0.0,0.0,0.0,0.0,0.0,-0.00036145834,0.0,0.0,0.0,0.0,0.0,-0.0026731172,0.0,0.0,0.0,0.0,0.0,0.0,0.0,0.0,0.0,0.0,0.0,0.0,0.0,0.0,0.0,0.0,0.0,0.0,0.0,-0.0016664151,0.0,0.0,0.0,0.0,0.0,0.0011578036,0.0,-0.028080052,0.0,0.0,-0.0069398237,-0.0003994114,0.0,0.0,0.0,0.0,0.0,0.0,0.0,0.0,0.0,0.0,0.0,0.0,0.0,0.0,0.0,0.0,0.0,0.0,0.0,-0.0053131953,0.0,-0.0026132988,0.0022633588,0.0,0.0,0.0,0.0,0.0,0.0,0.0,0.0,0.0,0.0,0.0,0.0,0.0,0.0,0.0,0.0,0.0,0.0,0.0,0.0,0.0,0.0,0.0,0.0,0.0,0.0,-0.0018170208,0.0,0.0,0.0,-0.006692676,0.0,0.0,0.21925883,0.0
0.007075236,0.0065682638,0.0,0.0,0.0,0.0,0.0,-0.0065140715,0.0,0.0025129218,0.0,-0.012313423,0.0,0.0,0.0,0.0,0.0,0.0,0.0,0.0,-0.0011012829,0.0,0.0,0.0,0.0,0.0,0.0,0.0,0.0,0.0,0.0,0.0,0.0,0.0,0.0,0.0,0.00062973954,0.0,-0.00044418237,0.0,0.0,0.016456198,0.0,0.0,0.0,0.0,0.0,0.0,0.0,0.0,0.0,0.0,0.0,0.0,0.0,0.03360331,0.0,0.0,0.0,0.00049726065,0.0,0.0,0.0,0.0,-0.00048419094,0.0,0.0,0.0,0.0,0.0,0.00040908568,0.0015385359,0.0,0.0,0.0,0.0,0.0,0.0060213576,0.0,0.0,0.0,0.0,0.0,-0.00022556304,0.0,0.0,0.0,0.0,0.0,-0.00094114617,0.0,0.0,0.0,0.0,0.0,0.0,0.0,0.0,0.0,0.0,0.0,0.0,0.0,0.0,0.0,0.0,0.0,0.0,0.0,-0.0041305665,0.0,0.0,0.0,0.0,0.0,0.0017780835,0.0,0.00044601134,0.0,0.0,0.0028412885,-0.0031780251,0.0,0.0,0.0,0.0,0.0,0.0,0.0,0.0,0.0,0.0,0.0,0.0,0.0,0.0,0.0,0.0,0.0,0.0,0.0,-0.0007118967,0.0,0.0036139726,0.012874182,0.0,0.0,0.0,0.0,0.0,0.0,0.0,0.0,0.0,0.0,0.0,0.0,0.0,0.0,0.0,0.0,0.0,0.0,0.0,0.0,0.0,0.0,0.0,0.0,0.0,0.0,0.002403351,0.0,0.0,0.0,-0.013083691,0.0,0.0,0.33903548,0.0
0.0022456583,-0.00018564095,0.0,0.0,0.0,0.0,0.0,-0.0043099,0.0,-0.01478775,0.0,0.00027695112,0.0,0.0,0.0,0.0,0.0,0.0,0.0,0.0,0.0006032123,0.0,0.0,0.0,0.0,0.0,0.0,0.0,0.0,0.0,0.0,0.0,0.0,0.0,0.0,0.0,0.00043855797,0.0,-0.008486858,0.0,0.0,-0.0057760505,0.0,0.0,0.0,0.0,0.0,0.0,0.0,0.0,0.0,0.0,0.0,0.0,0.0,-0.00040377333,0.0,0.0,0.0,0.00097043416,0.0,0.0,0.0,0.0,-0.003395332,0.0,0.0,0.0,0.0,0.0,0.0003176419,0.003920304,0.0,0.0,0.0,0.0,0.0,0.0043268315,0.0,0.0,0.0,0.0,0.0,-0.00063473743,0.0,0.0,0.0,0.0,0.0,0.0014487694,0.0,0.0,0.0,0.0,0.0,0.0,0.0,0.0,0.0,0.0,0.0,0.0,0.0,0.0,0.0,0.0,0.0,0.0,0.0,0.00058055075,0.0,0.0,0.0,0.0,0.0,0.00080151786,0.0,0.0043579773,0.0,0.0,-0.04844846,-0.0021989762,0.0,0.0,0.0,0.0,0.0,0.0,0.0,0.0,0.0,0.0,0.0,0.0,0.0,0.0,0.0,0.0,0.0,0.0,0.0,-0.008365089,0.0,-0.0024586422,0.0013033542,0.0,0.0,0.0,0.0,0.0,0.0,0.0,0.0,0.0,0.0,0.0,0.0,0.0,0.0,0.0,0.0,0.0,0.0,0.0,0.0,0.0,0.0,0.0,0.0,0.0,0.0,0.0018755894,0.0,0.0,0.0,-0.008952754,0.0,0.0,0.3976738,0.0
0.0015688597,-0.00018564095,0.0,0.0,0.0,0.0,0.0,-0.00047079078,0.0,-0.017316345,0.0,0.00014170862,0.0,0.0,0.0,0.0,0.0,0.0,0.0,0.0,-0.0009818572,0.0,0.0,0.0,0.0,0.0,0.0,0.0,0.0,0.0,0.0,0.0,0.0,0.0,0.0,0.0,-0.0026858808,0.0,-0.0007498248,0.0,0.0,-0.0025176213,0.0,0.0,0.0,0.0,0.0,0.0,0.0,0.0,0.0,0.0,0.0,0.0,0.0,-0.00084539375,0.0,0.0,0.0,0.0005674023,0.0,0.0,0.0,0.0,0.000519827,0.0,0.0,0.0,0.0,0.0,-0.0141209345,-0.026541246,0.0,0.0,0.0,0.0,0.0,-0.00071351556,0.0,0.0,0.0,0.0,0.0,-0.00712193,0.0,0.0,0.0,0.0,0.0,-0.0062347474,0.0,0.0,0.0,0.0,0.0,0.0,0.0,0.0,0.0,0.0,0.0,0.0,0.0,0.0,0.0,0.0,0.0,0.0,0.0,0.00058055075,0.0,0.0,0.0,0.0,0.0,0.0014058551,0.0,0.0034644,0.0,0.0,0.0027958,-0.00081545894,0.0,0.0,0.0,0.0,0.0,0.0,0.0,0.0,0.0,0.0,0.0,0.0,0.0,0.0,0.0,0.0,0.0,0.0,0.0,-0.0015964215,0.0,-0.0024586422,-0.0019176207,0.0,0.0,0.0,0.0,0.0,0.0,0.0,0.0,0.0,0.0,0.0,0.0,0.0,0.0,0.0,0.0,0.0,0.0,0.0,0.0,0.0,0.0,0.0,0.0,0.0,0.0,-0.0019432115,0.0,0.0,0.0,-0.014214563,0.0,0.0,0.25204754,0.0
0.002235025,-0.00018564095,0.0,0.0,0.0,0.0,0.0,-0.0012042854,0.0,0.017186198,0.0,0.00019873172,0.0,0.0,0.0,0.0,0.0,0.0,0.0,0.0,0.0004808738,0.0,0.0,0.0,0.0,0.0,0.0,0.0,0.0,0.0,0.0,0.0,0.0,0.0,0.0,0.0,-0.0037908894,0.0,-0.0022832756,0.0,0.0,-0.0029740387,0.0,0.0,0.0,0.0,0.0,0.0,0.0,0.0,0.0,0.0,0.0,0.0,0.0,-0.00040377333,0.0,0.0,0.0,0.00097043416,0.0,0.0,0.0,0.0,0.018367361,0.0,0.0,0.0,0.0,0.0,0.0002841476,0.010330757,0.0,0.0,0.0,0.0,0.0,-0.0020285838,0.0,0.0,0.0,0.0,0.0,-0.00063473743,0.0,0.0,0.0,0.0,0.0,0.0014487694,0.0,0.0,0.0,0.0,0.0,0.0,0.0,0.0,0.0,0.0,0.0,0.0,0.0,0.0,0.0,0.0,0.0,0.0,0.0,-0.0027979692,0.0,0.0,0.0,0.0,0.0,0.0009957323,0.0,0.014205656,0.0,0.0,-0.0050604898,-0.0028703648,0.0,0.0,0.0,0.0,0.0,0.0,0.0,0.0,0.0,0.0,0.0,0.0,0.0,0.0,0.0,0.0,0.0,0.0,0.0,0.04632877,0.0,0.0026250621,0.00093238335,0.0,0.0,0.0,0.0,0.0,0.0,0.0,0.0,0.0,0.0,0.0,0.0,0.0,0.0,0.0,0.0,0.0,0.0,0.0,0.0,0.0,0.0,0.0,0.0,0.0,0.0,-0.0018081472,0.0,0.0,0.0,-0.00960237,0.0,0.0,0.42079553,1.0
0.010753557,-0.00059347774,0.0,0.0,0.0,0.0,0.0,0.0001478934,0.0,-0.012633081,0.0,-0.048563942,0.0,0.0,0.0,0.0,0.0,0.0,0.0,0.0,-0.0009014755,0.0,0.0,0.0,0.0,0.0,0.0,0.0,0.0,0.0,0.0,0.0,0.0,0.0,0.0,0.0,0.0012108613,0.0,-0.0023993794,0.0,0.0,0.01156921,0.0,0.0,0.0,0.0,0.0,0.0,0.0,0.0,0.0,0.0,0.0,0.0,0.0,-0.0024001538,0.0,0.0,0.0,0.00035569628,0.0,0.0,0.0,0.0,-0.0016461669,0.0,0.0,0.0,0.0,0.0,0.00031923674,0.0015273766,0.0,0.0,0.0,0.0,0.0,-0.00064898864,0.0,0.0,0.0,0.0,0.0,-0.00036145834,0.0,0.0,0.0,0.0,0.0,-0.0026731172,0.0,0.0,0.0,0.0,0.0,0.0,0.0,0.0,0.0,0.0,0.0,0.0,0.0,0.0,0.0,0.0,0.0,0.0,0.0,0.0007842351,0.0,0.0,0.0,0.0,0.0,0.0013592043,0.0,-0.00033695454,0.0,0.0,-0.008126863,-0.00052560616,0.0,0.0,0.0,0.0,0.0,0.0,0.0,0.0,0.0,0.0,0.0,0.0,0.0,0.0,0.0,0.0,0.0,0.0,0.0,-0.002978657,0.0,-0.0035559854,0.0078100488,0.0,0.0,0.0,0.0,0.0,0.0,0.0,0.0,0.0,0.0,0.0,0.0,0.0,0.0,0.0,0.0,0.0,0.0,0.0,0.0,0.0,0.0,0.0,0.0,0.0,0.0,0.0018847936,0.0,0.0,0.0,-0.0056529325,0.0,0.0,0.32150388,1.0
0.0017057679,-0.00018564095,0.0,0.0,0.0,0.0,0.0,-0.00090368197,0.0,0.027297968,0.0,-0.0031302506,0.0,0.0,0.0,0.0,0.0,0.0,0.0,0.0,-0.003308233,0.0,0.0,0.0,0.0,0.0,0.0,0.0,0.0,0.0,0.0,0.0,0.0,0.0,0.0,0.0,0.00053725095,0.0,0.0018380706,0.0,0.0,-0.004113566,0.0,0.0,0.0,0.0,0.0,0.0,0.0,0.0,0.0,0.0,0.0,0.0,0.0,-0.00040377333,0.0,0.0,0.0,0.0004972898,0.0,0.0,0.0,0.0,-0.0014308065,0.0,0.0,0.0,0.0,0.0,0.0024467134,0.0024945089,0.0,0.0,0.0,0.0,0.0,-0.0014896377,0.0,0.0,0.0,0.0,0.0,-0.000322905,0.0,0.0,0.0,0.0,0.0,0.004937339,0.0,0.0,0.0,0.0,0.0,0.0,0.0,0.0,0.0,0.0,0.0,0.0,0.0,0.0,0.0,0.0,0.0,0.0,0.0,-0.00093455415,0.0,0.0,0.0,0.0,0.0,0.012853439,0.0,0.022939874,0.0,0.0,0.0019686227,-0.0020282157,0.0,0.0,0.0,0.0,0.0,0.0,0.0,0.0,0.0,0.0,0.0,0.0,0.0,0.0,0.0,0.0,0.0,0.0,0.0,0.0015183797,0.0,-0.0014052948,0.000912703,0.0,0.0,0.0,0.0,0.0,0.0,0.0,0.0,0.0,0.0,0.0,0.0,0.0,0.0,0.0,0.0,0.0,0.0,0.0,0.0,0.0,0.0,0.0,0.0,0.0,0.0,0.013648662,0.0,0.0,0.0,0.0122464355,0.0,0.0,0.54964554,0.0
0.0020341645,-0.00018564095,0.0,0.0,0.0,0.0,0.0,-0.00090368197,0.0,0.04907593,0.0,0.00027695112,0.0,0.0,0.0,0.0,0.0,0.0,0.0,0.0,0.0013463399,0.0,0.0,0.0,0.0,0.0,0.0,0.0,0.0,0.0,0.0,0.0,0.0,0.0,0.0,0.0,-0.0029120045,0.0,-0.00065685436,0.0,0.0,-0.0062107462,0.0,0.0,0.0,0.0,0.0,0.0,0.0,0.0,0.0,0.0,0.0,0.0,0.0,-0.00040377333,0.0,0.0,0.0,0.0004972898,0.0,0.0,0.0,0.0,-0.0006446778,0.0,0.0,0.0,0.0,0.0,0.0024467134,0.0016802796,0.0,0.0,0.0,0.0,0.0,-0.0014896377,0.0,0.0,0.0,0.0,0.0,-0.000322905,0.0,0.0,0.0,0.0,0.0,-0.005071842,0.0,0.0,0.0,0.0,0.0,0.0,0.0,0.0,0.0,0.0,0.0,0.0,0.0,0.0,0.0,0.0,0.0,0.0,0.0,-0.00093455415,0.0,0.0,0.0,0.0,0.0,0.010899487,0.0,0.019481407,0.0,0.0,0.0028621673,-0.0020282157,0.0,0.0,0.0,0.0,0.0,0.0,0.0,0.0,0.0,0.0,0.0,0.0,0.0,0.0,0.0,0.0,0.0,0.0,0.0,-0.0009889496,0.0,-0.0014052948,0.0013033542,0.0,0.0,0.0,0.0,0.0,0.0,0.0,0.0,0.0,0.0,0.0,0.0,0.0,0.0,0.0,0.0,0.0,0.0,0.0,0.0,0.0,0.0,0.0,0.0,0.0,0.0,0.013648662,0.0,0.0,0.0,0.0067924988,0.0,0.0,0.33164385,0.0
0.0021927352,-0.00018564095,0.0,0.0,0.0,0.0,0.0,0.00042991072,0.0,-0.009093761,0.0,0.00028797178,0.0,0.0,0.0,0.0,0.0,0.0,0.0,0.0,-0.0013307615,0.0,0.0,0.0,0.0,0.0,0.0,0.0,0.0,0.0,0.0,0.0,0.0,0.0,0.0,0.0,0.00043403255,0.0,-0.00132788,0.0,0.0,0.0024334001,0.0,0.0,0.0,0.0,0.0,0.0,0.0,0.0,0.0,0.0,0.0,0.0,0.0,-0.001865376,0.0,0.0,0.0,0.0029408445,0.0,0.0,0.0,0.0,-0.0010376694,0.0,0.0,0.0,0.0,0.0,0.00048274582,0.009250303,0.0,0.0,0.0,0.0,0.0,0.0020544482,0.0,0.0,0.0,0.0,0.0,-0.00063473743,0.0,0.0,0.0,0.0,0.0,-0.0027991934,0.0,0.0,0.0,0.0,0.0,0.0,0.0,0.0,0.0,0.0,0.0,0.0,0.0,0.0,0.0,0.0,0.0,0.0,0.0,-0.00049080444,0.0,0.0,0.0,0.0,0.0,0.002102475,0.0,0.0140834935,0.0,0.0,0.018060576,-0.0005338345,0.0,0.0,0.0,0.0,0.0,0.0,0.0,0.0,0.0,0.0,0.0,0.0,0.0,0.0,0.0,0.0,0.0,0.0,0.0,-0.001761717,0.0,-0.00068881933,-0.0054593934,0.0,0.0,0.0,0.0,0.0,0.0,0.0,0.0,0.0,0.0,0.0,0.0,0.0,0.0,0.0,0.0,0.0,0.0,0.0,0.0,0.0,0.0,0.0,0.0,0.0,0.0,-0.0031567083,0.0,0.0,0.0,0.016060036,0.0,0.0,0.46694437,0.0
-0.0060525415,0.0065682638,0.0,0.0,0.0,0.0,0.0,-0.0016266484,0.0,0.0078688,0.0,0.00055093877,0.0,0.0,0.0,0.0,0.0,0.0,0.0,0.0,0.00057408033,0.0,0.0,0.0,0.0,0.0,0.0,0.0,0.0,0.0,0.0,0.0,0.0,0.0,0.0,0.0,-0.012123938,0.0,-0.00066453207,0.0,0.0,-0.021250911,0.0,0.0,0.0,0.0,0.0,0.0,0.0,0.0,0.0,0.0,0.0,0.0,0.0,-0.0010385793,0.0,0.0,0.0,0.0002544942,0.0,0.0,0.0,0.0,-0.0006756741,0.0,0.0,0.0,0.0,0.0,0.00036133005,-0.0076044714,0.0,0.0,0.0,0.0,0.0,-0.0028230422,0.0,0.0,0.0,0.0,0.0,-0.00080883945,0.0,0.0,0.0,0.0,0.0,-0.0005647642,0.0,0.0,0.0,0.0,0.0,0.0,0.0,0.0,0.0,0.0,0.0,0.0,0.0,0.0,0.0,0.0,0.0,0.0,0.0,-0.0037893583,0.0,0.0,0.0,0.0,0.0,0.0012765897,0.0,-0.016877027,0.0,0.0,-0.005018623,-0.004194122,0.0,0.0,0.0,0.0,0.0,0.0,0.0,0.0,0.0,0.0,0.0,0.0,0.0,0.0,0.0,0.0,0.0,0.0,0.0,-0.0010214897,0.0,-0.0073291603,0.0027483632,0.0,0.0,0.0,0.0,0.0,0.0,0.0,0.0,0.0,0.0,0.0,0.0,0.0,0.0,0.0,0.0,0.0,0.0,0.0,0.0,0.0,0.0,0.0,0.0,0.0,0.0,-0.0023169322,0.0,0.0,0.0,-0.015840467,0.0,0.0,0.11334317,0.0
0.00337179,-0.00018564095,0.0,0.0,0.0,0.0,0.0,-0.00090368197,0.0,0.010695442,0.0,0.00055906933,0.0,0.0,0.0,0.0,0.0,0.0,0.0,0.0,0.022766735,0.0,0.0,0.0,0.0,0.0,0.0,0.0,0.0,0.0,0.0,0.0,0.0,0.0,0.0,0.0,0.009749677,0.0,-0.00065685436,0.0,0.0,0.00406785,0.0,0.0,0.0,0.0,0.0,0.0,0.0,0.0,0.0,0.0,0.0,0.0,0.0,-0.00064287806,0.0,0.0,0.0,0.0008853866,0.0,0.0,0.0,0.0,-0.0006446778,0.0,0.0,0.0,0.0,0.0,0.00067876023,0.0027884392,0.0,0.0,0.0,0.0,0.0,-0.0014896377,0.0,0.0,0.0,0.0,0.0,-0.000322905,0.0,0.0,0.0,0.0,0.0,0.0013524202,0.0,0.0,0.0,0.0,0.0,0.0,0.0,0.0,0.0,0.0,0.0,0.0,0.0,0.0,0.0,0.0,0.0,0.0,0.0,-0.00049080444,0.0,0.0,0.0,0.0,0.0,-0.0021804515,0.0,0.0040483656,0.0,0.0,0.0054604984,-0.0020282157,0.0,0.0,0.0,0.0,0.0,0.0,0.0,0.0,0.0,0.0,0.0,0.0,0.0,0.0,0.0,0.0,0.0,0.0,0.0,-0.0009889496,0.0,-0.00068881933,0.00265446,0.0,0.0,0.0,0.0,0.0,0.0,0.0,0.0,0.0,0.0,0.0,0.0,0.0,0.0,0.0,0.0,0.0,0.0,0.0,0.0,0.0,0.0,0.0,0.0,0.0,0.0,-0.0044890083,0.0,0.0,0.0,0.019617196,0.0,0.0,0.2607611,0.0
-0.0089203175,-0.0005126418,0.0,0.0,0.0,0.0,0.0,-0.00057566224,0.0,-0.015441417,0.0,0.00018858703,0.0,0.0,0.0,0.0,0.0,0.0,0.0,0.0,-0.012836847,0.0,0.0,0.0,0.0,0.0,0.0,0.0,0.0,0.0,0.0,0.0,0.0,0.0,0.0,0.0,-0.0069896937,0.0,-0.00043352967,0.0,0.0,0.0020110516,0.0,0.0,0.0,0.0,0.0,0.0,0.0,0.0,0.0,0.0,0.0,0.0,0.0,0.0018250239,0.0,0.0,0.0,0.0008853866,0.0,0.0,0.0,0.0,-0.0014308065,0.0,0.0,0.0,0.0,0.0,0.00080846285,0.0027937286,0.0,0.0,0.0,0.0,0.0,-0.0008851819,0.0,0.0,0.0,0.0,0.0,-0.000322905,0.0,0.0,0.0,0.0,0.0,-0.0013892627,0.0,0.0,0.0,0.0,0.0,0.0,0.0,0.0,0.0,0.0,0.0,0.0,0.0,0.0,0.0,0.0,0.0,0.0,0.0,-0.0003638039,0.0,0.0,0.0,0.0,0.0,-0.06453736,0.0,0.0102672465,0.0,0.0,0.0036584854,0.005145407,0.0,0.0,0.0,0.0,0.0,0.0,0.0,0.0,0.0,0.0,0.0,0.0,0.0,0.0,0.0,0.0,0.0,0.0,0.0,0.0023410302,0.0,-0.0004989258,-0.0018739428,0.0,0.0,0.0,0.0,0.0,0.0,0.0,0.0,0.0,0.0,0.0,0.0,0.0,0.0,0.0,0.0,0.0,0.0,0.0,0.0,0.0,0.0,0.0,0.0,0.0,0.0,0.004656446,0.0,0.0,0.0,0.001710882,0.0,0.0,0.44319588,0.0
0.0010709555,0.0020545651,0.0,0.0,0.0,0.0,0.0,0.00038039606,0.0,-0.012415,0.0,0.00027695112,0.0,0.0,0.0,0.0,0.0,0.0,0.0,0.0,-0.002004133,0.0,0.0,0.0,0.0,0.0,0.0,0.0,0.0,0.0,0.0,0.0,0.0,0.0,0.0,0.0,-0.0011895209,0.0,-0.00065685436,0.0,0.0,-0.0057760505,0.0,0.0,0.0,0.0,0.0,0.0,0.0,0.0,0.0,0.0,0.0,0.0,0.0,-0.00040377333,0.0,0.0,0.0,0.0008853866,0.0,0.0,0.0,0.0,-0.0006446778,0.0,0.0,0.0,0.0,0.0,-0.0715695,0.0026815801,0.0,0.0,0.0,0.0,0.0,-0.002423259,0.0,0.0,0.0,0.0,0.0,-0.000322905,0.0,0.0,0.0,0.0,0.0,-0.0013892627,0.0,0.0,0.0,0.0,0.0,0.0,0.0,0.0,0.0,0.0,0.0,0.0,0.0,0.0,0.0,0.0,0.0,0.0,0.0,0.00058055075,0.0,0.0,0.0,0.0,0.0,0.005241635,0.0,0.0075364867,0.0,0.0,0.005204306,-0.0019155937,0.0,0.0,0.0,0.0,0.0,0.0,0.0,0.0,0.0,0.0,0.0,0.0,0.0,0.0,0.0,0.0,0.0,0.0,0.0,-0.0009889496,0.0,-0.0024586422,0.0013033542,0.0,0.0,0.0,0.0,0.0,0.0,0.0,0.0,0.0,0.0,0.0,0.0,0.0,0.0,0.0,0.0,0.0,0.0,0.0,0.0,0.0,0.0,0.0,0.0,0.0,0.0,0.0050141653,0.0,0.0,0.0,0.011207228,0.0,0.0,0.24838078,0.0
-0.005274895,-0.0005126418,0.0,0.0,0.0,0.0,0.0,0.0015348857,0.0,0.009094143,0.0,0.00013292987,0.0,0.0,0.0,0.0,0.0,0.0,0.0,0.0,-0.0017087742,0.0,0.0,0.0,0.0,0.0,0.0,0.0,0.0,0.0,0.0,0.0,0.0,0.0,0.0,0.0,0.0003497802,0.0,-0.0020837209,0.0,0.0,-0.002384367,0.0,0.0,0.0,0.0,0.0,0.0,0.0,0.0,0.0,0.0,0.0,0.0,0.0,-0.0005280041,0.0,0.0,0.0,0.0004861094,0.0,0.0,0.0,0.0,-0.0014803335,0.0,0.0,0.0,0.0,0.0,0.0007800361,4.8999536e-05,0.0,0.0,0.0,0.0,0.0,-0.019625971,0.0,0.0,0.0,0.0,0.0,0.0026624487,0.0,0.0,0.0,0.0,0.0,-0.0009246038,0.0,0.0,0.0,0.0,0.0,0.0,0.0,0.0,0.0,0.0,0.0,0.0,0.0,0.0,0.0,0.0,0.0,0.0,0.0,-0.0005936178,0.0,0.0,0.0,0.0,0.0,0.0036546588,0.0,0.011113418,0.0,0.0,-0.013423604,-0.010594118,0.0,0.0,0.0,0.0,0.0,0.0,0.0,0.0,0.0,0.0,0.0,0.0,0.0,0.0,0.0,0.0,0.0,0.0,0.0,-0.0026321607,0.0,-0.00084254786,-0.0017608068,0.0,0.0,0.0,0.0,0.0,0.0,0.0,0.0,0.0,0.0,0.0,0.0,0.0,0.0,0.0,0.0,0.0,0.0,0.0,0.0,0.0,0.0,0.0,0.0,0.0,0.0,0.0044961404,0.0,0.0,0.0,-0.060703937,0.0,0.0,0.27021563,0.0
0.0017625313,-0.00018564095,0.0,0.0,0.0,0.0,0.0,0.00038039606,0.0,0.02844773,0.0,0.00014170862,0.0,0.0,0.0,0.0,0.0,0.0,0.0,0.0,0.0013463399,0.0,0.0,0.0,0.0,0.0,0.0,0.0,0.0,0.0,0.0,0.0,0.0,0.0,0.0,0.0,-0.0050874543,0.0,0.0027849188,0.0,0.0,-0.0048126285,0.0,0.0,0.0,0.0,0.0,0.0,0.0,0.0,0.0,0.0,0.0,0.0,0.0,0.0017063787,0.0,0.0,0.0,0.0004972898,0.0,0.0,0.0,0.0,-0.0006446778,0.0,0.0,0.0,0.0,0.0,0.0024467134,0.00244938,0.0,0.0,0.0,0.0,0.0,-0.002423259,0.0,0.0,0.0,0.0,0.0,-0.000322905,0.0,0.0,0.0,0.0,0.0,0.004937339,0.0,0.0,0.0,0.0,0.0,0.0,0.0,0.0,0.0,0.0,0.0,0.0,0.0,0.0,0.0,0.0,0.0,0.0,0.0,-0.00093455415,0.0,0.0,0.0,0.0,0.0,0.010899487,0.0,0.022410057,0.0,0.0,0.0022483035,-0.0019155937,0.0,0.0,0.0,0.0,0.0,0.0,0.0,0.0,0.0,0.0,0.0,0.0,0.0,0.0,0.0,0.0,0.0,0.0,0.0,-0.00064142735,0.0,-0.0014052948,-0.0010207095,0.0,0.0,0.0,0.0,0.0,0.0,0.0,0.0,0.0,0.0,0.0,0.0,0.0,0.0,0.0,0.0,0.0,0.0,0.0,0.0,0.0,0.0,0.0,0.0,0.0,0.0,0.013648662,0.0,0.0,0.0,0.011473373,0.0,0.0,0.22971617,0.0
0.0019242986,-0.00018564095,0.0,0.0,0.0,0.0,0.0,-0.00090368197,0.0,0.04283123,0.0,-0.0032548124,0.0,0.0,0.0,0.0,0.0,0.0,0.0,0.0,-0.003308233,0.0,0.0,0.0,0.0,0.0,0.0,0.0,0.0,0.0,0.0,0.0,0.0,0.0,0.0,0.0,0.00054240547,0.0,-0.0020837209,0.0,0.0,0.001907167,0.0,0.0,0.0,0.0,0.0,0.0,0.0,0.0,0.0,0.0,0.0,0.0,0.0,-0.001865376,0.0,0.0,0.0,0.0003309642,0.0,0.0,0.0,0.0,-0.0014803335,0.0,0.0,0.0,0.0,0.0,0.0018861255,0.0012640776,0.0,0.0,0.0,0.0,0.0,-0.0014896377,0.0,0.0,0.0,0.0,0.0,-0.000322905,0.0,0.0,0.0,0.0,0.0,-0.0023967493,0.0,0.0,0.0,0.0,0.0,0.0,0.0,0.0,0.0,0.0,0.0,0.0,0.0,0.0,0.0,0.0,0.0,0.0,0.0,-0.00049080444,0.0,0.0,0.0,0.0,0.0,0.009676134,0.0,0.014876946,0.0,0.0,-0.0073824655,-0.0020282157,0.0,0.0,0.0,0.0,0.0,0.0,0.0,0.0,0.0,0.0,0.0,0.0,0.0,0.0,0.0,0.0,0.0,0.0,0.0,-0.0026321607,0.0,-0.00068881933,-0.0032153176,0.0,0.0,0.0,0.0,0.0,0.0,0.0,0.0,0.0,0.0,0.0,0.0,0.0,0.0,0.0,0.0,0.0,0.0,0.0,0.0,0.0,0.0,0.0,0.0,0.0,0.0,-0.013157883,0.0,0.0,0.0,0.008802002,0.0,0.0,0.60956013,0.0
0.0020876273,-0.00018564095,0.0,0.0,0.0,0.0,0.0,-0.0006369788,0.0,-0.033643406,0.0,0.00027695112,0.0,0.0,0.0,0.0,0.0,0.0,0.0,0.0,0.0008939812,0.0,0.0,0.0,0.0,0.0,0.0,0.0,0.0,0.0,0.0,0.0,0.0,0.0,0.0,0.0,0.0005473709,0.0,-0.008486858,0.0,0.0,-0.0062107462,0.0,0.0,0.0,0.0,0.0,0.0,0.0,0.0,0.0,0.0,0.0,0.0,0.0,-0.00040377333,0.0,0.0,0.0,0.00053271785,0.0,0.0,0.0,0.0,-0.003395332,0.0,0.0,0.0,0.0,0.0,0.00048274582,0.0026686208,0.0,0.0,0.0,0.0,0.0,0.0011001751,0.0,0.0,0.0,0.0,0.0,-0.00063473743,0.0,0.0,0.0,0.0,0.0,-0.0056416467,0.0,0.0,0.0,0.0,0.0,0.0,0.0,0.0,0.0,0.0,0.0,0.0,0.0,0.0,0.0,0.0,0.0,0.0,0.0,-0.00093455415,0.0,0.0,0.0,0.0,0.0,0.0007605343,0.0,0.0041560405,0.0,0.0,-0.015102636,0.0020896473,0.0,0.0,0.0,0.0,0.0,0.0,0.0,0.0,0.0,0.0,0.0,0.0,0.0,0.0,0.0,0.0,0.0,0.0,0.0,-0.008365089,0.0,-0.0014052948,0.0013033542,0.0,0.0,0.0,0.0,0.0,0.0,0.0,0.0,0.0,0.0,0.0,0.0,0.0,0.0,0.0,0.0,0.0,0.0,0.0,0.0,0.0,0.0,0.0,0.0,0.0,0.0,-0.0031567083,0.0,0.0,0.0,-0.013632976,0.0,0.0,0.25828794,0.0
-0.0063959206,-0.0005126418,0.0,0.0,0.0,0.0,0.0,-0.0012042854,0.0,0.01939498,0.0,0.00018291186,0.0,0.0,0.0,0.0,0.0,0.0,0.0,0.0,-0.001840333,0.0,0.0,0.0,0.0,0.0,0.0,0.0,0.0,0.0,0.0,0.0,0.0,0.0,0.0,0.0,-0.0011987458,0.0,-0.0006978067,0.0,0.0,-0.00276786,0.0,0.0,0.0,0.0,0.0,0.0,0.0,0.0,0.0,0.0,0.0,0.0,0.0,-0.0002992929,0.0,0.0,0.0,0.0029408445,0.0,0.0,0.0,0.0,-0.0032555996,0.0,0.0,0.0,0.0,0.0,0.00021955928,0.009533429,0.0,0.0,0.0,0.0,0.0,-0.0020285838,0.0,0.0,0.0,0.0,0.0,-0.00063473743,0.0,0.0,0.0,0.0,0.0,-0.0027991934,0.0,0.0,0.0,0.0,0.0,0.0,0.0,0.0,0.0,0.0,0.0,0.0,0.0,0.0,0.0,0.0,0.0,0.0,0.0,-0.0012938643,0.0,0.0,0.0,0.0,0.0,-0.006992213,0.0,0.016618894,0.0,0.0,0.011848566,-0.0022866856,0.0,0.0,0.0,0.0,0.0,0.0,0.0,0.0,0.0,0.0,0.0,0.0,0.0,0.0,0.0,0.0,0.0,0.0,0.0,0.0041703163,0.0,0.001573862,0.0008561373,0.0,0.0,0.0,0.0,0.0,0.0,0.0,0.0,0.0,0.0,0.0,0.0,0.0,0.0,0.0,0.0,0.0,0.0,0.0,0.0,0.0,0.0,0.0,0.0,0.0,0.0,0.0013097369,0.0,0.0,0.0,0.006005199,0.0,0.0,0.34360304,1.0
0.007003814,-0.00059347774,0.0,0.0,0.0,0.0,0.0,0.00031001033,0.0,-0.0012055764,0.0,0.0004668395,0.0,0.0,0.0,0.0,0.0,0.0,0.0,0.0,-0.0012219409,0.0,0.0,0.0,0.0,0.0,0.0,0.0,0.0,0.0,0.0,0.0,0.0,0.0,0.0,0.0,-0.0005366135,0.0,-0.0023993794,0.0,0.0,-0.036626328,0.0,0.0,0.0,0.0,0.0,0.0,0.0,0.0,0.0,0.0,0.0,0.0,0.0,0.00717228,0.0,0.0,0.0,0.00053268566,0.0,0.0,0.0,0.0,0.0011982783,0.0,0.0,0.0,0.0,0.0,0.00015350868,0.0021575973,0.0,0.0,0.0,0.0,0.0,-0.0016620796,0.0,0.0,0.0,0.0,0.0,-0.00036145834,0.0,0.0,0.0,0.0,0.0,0.0009673448,0.0,0.0,0.0,0.0,0.0,0.0,0.0,0.0,0.0,0.0,0.0,0.0,0.0,0.0,0.0,0.0,0.0,0.0,0.0,0.0023539725,0.0,0.0,0.0,0.0,0.0,-0.004025589,0.0,-0.014440485,0.0,0.0,-0.014820009,-0.0013264427,0.0,0.0,0.0,0.0,0.0,0.0,0.0,0.0,0.0,0.0,0.0,0.0,0.0,0.0,0.0,0.0,0.0,0.0,0.0,-0.0053131953,0.0,-0.020499686,-0.00495068,0.0,0.0,0.0,0.0,0.0,0.0,0.0,0.0,0.0,0.0,0.0,0.0,0.0,0.0,0.0,0.0,0.0,0.0,0.0,0.0,0.0,0.0,0.0,0.0,0.0,0.0,-0.0009525801,0.0,0.0,0.0,-0.0027990602,0.0,0.0,0.39149666,0.0
0.00455862,-0.00059347774,0.0,0.0,0.0,0.0,0.0,0.0004411071,0.0,-0.010303963,0.0,0.0004668395,0.0,0.0,0.0,0.0,0.0,0.0,0.0,0.0,-0.001639734,0.0,0.0,0.0,0.0,0.0,0.0,0.0,0.0,0.0,0.0,0.0,0.0,0.0,0.0,0.0,0.0006306202,0.0,-0.00049269607,0.0,0.0,-0.015218599,0.0,0.0,0.0,0.0,0.0,0.0,0.0,0.0,0.0,0.0,0.0,0.0,0.0,-0.0035533733,0.0,0.0,0.0,0.00056736683,0.0,0.0,0.0,0.0,-0.0005263491,0.0,0.0,0.0,0.0,0.0,0.00016450361,-0.021542862,0.0,0.0,0.0,0.0,0.0,0.0021542658,0.0,0.0,0.0,0.0,0.0,-0.0019989568,0.0,0.0,0.0,0.0,0.0,-0.0010435628,0.0,0.0,0.0,0.0,0.0,0.0,0.0,0.0,0.0,0.0,0.0,0.0,0.0,0.0,0.0,0.0,0.0,0.0,0.0,-0.0037893583,0.0,0.0,0.0,0.0,0.0,-0.004009571,0.0,-0.02536978,0.0,0.0,0.0032588937,0.002613878,0.0,0.0,0.0,0.0,0.0,0.0,0.0,0.0,0.0,0.0,0.0,0.0,0.0,0.0,0.0,0.0,0.0,0.0,0.0,-0.0007800588,0.0,-0.0073291603,-0.0100581115,0.0,0.0,0.0,0.0,0.0,0.0,0.0,0.0,0.0,0.0,0.0,0.0,0.0,0.0,0.0,0.0,0.0,0.0,0.0,0.0,0.0,0.0,0.0,0.0,0.0,0.0,0.0009881104,0.0,0.0,0.0,0.000987154,0.0,0.0,0.32285568,1.0
-0.015949707,-0.0037940475,0.0,0.0,0.0,0.0,0.0,0.0001478934,0.0,-0.0044719516,0.0,0.00032908324,0.0,0.0,0.0,0.0,0.0,0.0,0.0,0.0,-0.0018500702,0.0,0.0,0.0,0.0,0.0,0.0,0.0,0.0,0.0,0.0,0.0,0.0,0.0,0.0,0.0,-0.006792724,0.0,-0.0007206944,0.0,0.0,0.003283939,0.0,0.0,0.0,0.0,0.0,0.0,0.0,0.0,0.0,0.0,0.0,0.0,0.0,-0.003928711,0.0,0.0,0.0,0.00054544024,0.0,0.0,0.0,0.0,0.00050434173,0.0,0.0,0.0,0.0,0.0,0.00022042627,0.0020412307,0.0,0.0,0.0,0.0,0.0,-0.00064898864,0.0,0.0,0.0,0.0,0.0,-0.00036145834,0.0,0.0,0.0,0.0,0.0,-0.005854992,0.0,0.0,0.0,0.0,0.0,0.0,0.0,0.0,0.0,0.0,0.0,0.0,0.0,0.0,0.0,0.0,0.0,0.0,0.0,-0.00076342653,0.0,0.0,0.0,0.0,0.0,-0.0070312433,0.0,-0.029623376,0.0,0.0,0.0026905574,-0.0004675291,0.0,0.0,0.0,0.0,0.0,0.0,0.0,0.0,0.0,0.0,0.0,0.0,0.0,0.0,0.0,0.0,0.0,0.0,0.0,-0.001532328,0.0,-0.0010964489,-0.0061258725,0.0,0.0,0.0,0.0,0.0,0.0,0.0,0.0,0.0,0.0,0.0,0.0,0.0,0.0,0.0,0.0,0.0,0.0,0.0,0.0,0.0,0.0,0.0,0.0,0.0,0.0,0.0013148019,0.0,0.0,0.0,-0.014005057,0.0,0.0,0.2232927,0.0
-0.008306333,-0.0005126418,0.0,0.0,0.0,0.0,0.0,0.00050693215,0.0,-0.007832261,0.0,0.00018858703,0.0,0.0,0.0,0.0,0.0,0.0,0.0,0.0,-0.00089792884,0.0,0.0,0.0,0.0,0.0,0.0,0.0,0.0,0.0,0.0,0.0,0.0,0.0,0.0,0.0,0.00030156653,0.0,-0.008486858,0.0,0.0,0.0016210305,0.0,0.0,0.0,0.0,0.0,0.0,0.0,0.0,0.0,0.0,0.0,0.0,0.0,0.0018250239,0.0,0.0,0.0,0.00097043416,0.0,0.0,0.0,0.0,-0.003395332,0.0,0.0,0.0,0.0,0.0,0.0003176419,0.003802258,0.0,0.0,0.0,0.0,0.0,-0.0034371342,0.0,0.0,0.0,0.0,0.0,-0.00063473743,0.0,0.0,0.0,0.0,0.0,-0.0014882368,0.0,0.0,0.0,0.0,0.0,0.0,0.0,0.0,0.0,0.0,0.0,0.0,0.0,0.0,0.0,0.0,0.0,0.0,0.0,-0.00062464946,0.0,0.0,0.0,0.0,0.0,0.0013517691,0.0,0.005156542,0.0,0.0,-0.046584114,-0.0021246546,0.0,0.0,0.0,0.0,0.0,0.0,0.0,0.0,0.0,0.0,0.0,0.0,0.0,0.0,0.0,0.0,0.0,0.0,0.0,-0.008365089,0.0,0.0009319831,-0.0018739428,0.0,0.0,0.0,0.0,0.0,0.0,0.0,0.0,0.0,0.0,0.0,0.0,0.0,0.0,0.0,0.0,0.0,0.0,0.0,0.0,0.0,0.0,0.0,0.0,0.0,0.0,0.0018755894,0.0,0.0,0.0,-0.009222058,0.0,0.0,0.36798546,0.0
-0.0075474354,-0.0005126418,0.0,0.0,0.0,0.0,0.0,0.00057037966,0.0,-0.01767399,0.0,0.00020891982,0.0,0.0,0.0,0.0,0.0,0.0,0.0,0.0,-0.012836847,0.0,0.0,0.0,0.0,0.0,0.0,0.0,0.0,0.0,0.0,0.0,0.0,0.0,0.0,0.0,-0.0103348205,0.0,-0.00043352967,0.0,0.0,0.0015400946,0.0,0.0,0.0,0.0,0.0,0.0,0.0,0.0,0.0,0.0,0.0,0.0,0.0,-0.00042312307,0.0,0.0,0.0,0.0008853866,0.0,0.0,0.0,0.0,0.0010415132,0.0,0.0,0.0,0.0,0.0,0.00080846285,0.0030115594,0.0,0.0,0.0,0.0,0.0,0.0026419698,0.0,0.0,0.0,0.0,0.0,-0.000322905,0.0,0.0,0.0,0.0,0.0,0.0013524202,0.0,0.0,0.0,0.0,0.0,0.0,0.0,0.0,0.0,0.0,0.0,0.0,0.0,0.0,0.0,0.0,0.0,0.0,0.0,0.00022599722,0.0,0.0,0.0,0.0,0.0,-0.06453736,0.0,0.012418721,0.0,0.0,0.002041495,0.0019774016,0.0,0.0,0.0,0.0,0.0,0.0,0.0,0.0,0.0,0.0,0.0,0.0,0.0,0.0,0.0,0.0,0.0,0.0,0.0,0.0032959848,0.0,-0.00064637605,0.0009818411,0.0,0.0,0.0,0.0,0.0,0.0,0.0,0.0,0.0,0.0,0.0,0.0,0.0,0.0,0.0,0.0,0.0,0.0,0.0,0.0,0.0,0.0,0.0,0.0,0.0,0.0,0.004656446,0.0,0.0,0.0,-0.0031101254,0.0,0.0,0.41689774,0.0
0.0019652443,-0.00018564095,0.0,0.0,0.0,0.0,0.0,-0.00057566224,0.0,-0.023786262,0.0,0.00014170862,0.0,0.0,0.0,0.0,0.0,0.0,0.0,0.0,-0.012836847,0.0,0.0,0.0,0.0,0.0,0.0,0.0,0.0,0.0,0.0,0.0,0.0,0.0,0.0,0.0,-0.009092066,0.0,-0.00065685436,0.0,0.0,-0.0029523175,0.0,0.0,0.0,0.0,0.0,0.0,0.0,0.0,0.0,0.0,0.0,0.0,0.0,-0.00084539375,0.0,0.0,0.0,0.0008853866,0.0,0.0,0.0,0.0,0.00046927406,0.0,0.0,0.0,0.0,0.0,-0.02364857,0.0028216129,0.0,0.0,0.0,0.0,0.0,-0.0008851819,0.0,0.0,0.0,0.0,0.0,-0.000322905,0.0,0.0,0.0,0.0,0.0,0.0013524202,0.0,0.0,0.0,0.0,0.0,0.0,0.0,0.0,0.0,0.0,0.0,0.0,0.0,0.0,0.0,0.0,0.0,0.0,0.0,-0.00093455415,0.0,0.0,0.0,0.0,0.0,-0.023894079,0.0,0.010186542,0.0,0.0,0.0050570853,0.0063657486,0.0,0.0,0.0,0.0,0.0,0.0,0.0,0.0,0.0,0.0,0.0,0.0,0.0,0.0,0.0,0.0,0.0,0.0,0.0,-0.0013923624,0.0,-0.0014052948,-0.0019176207,0.0,0.0,0.0,0.0,0.0,0.0,0.0,0.0,0.0,0.0,0.0,0.0,0.0,0.0,0.0,0.0,0.0,0.0,0.0,0.0,0.0,0.0,0.0,0.0,0.0,0.0,0.0026586927,0.0,0.0,0.0,-0.007292675,0.0,0.0,0.49910694,0.0
-0.019233344,-0.0037940475,0.0,0.0,0.0,0.0,0.0,-0.0016266484,0.0,0.0044951923,0.0,-0.0031725727,0.0,0.0,0.0,0.0,0.0,0.0,0.0,0.0,-0.0011012829,0.0,0.0,0.0,0.0,0.0,0.0,0.0,0.0,0.0,0.0,0.0,0.0,0.0,0.0,0.0,0.00034217787,0.0,-0.00066453207,0.0,0.0,-0.0023036436,0.0,0.0,0.0,0.0,0.0,0.0,0.0,0.0,0.0,0.0,0.0,0.0,0.0,-0.001526709,0.0,0.0,0.0,0.0002544942,0.0,0.0,0.0,0.0,-0.0006756741,0.0,0.0,0.0,0.0,0.0,-0.010569367,-0.0076044714,0.0,0.0,0.0,0.0,0.0,-0.0028230422,0.0,0.0,0.0,0.0,0.0,-0.00080883945,0.0,0.0,0.0,0.0,0.0,-0.0005647642,0.0,0.0,0.0,0.0,0.0,0.0,0.0,0.0,0.0,0.0,0.0,0.0,0.0,0.0,0.0,0.0,0.0,0.0,0.0,-0.0060267113,0.0,0.0,0.0,0.0,0.0,0.00085968175,0.0,-0.019113546,0.0,0.0,-0.005018623,-0.003281822,0.0,0.0,0.0,0.0,0.0,0.0,0.0,0.0,0.0,0.0,0.0,0.0,0.0,0.0,0.0,0.0,0.0,0.0,0.0,-0.0010214897,0.0,0.0048815883,-0.0030150162,0.0,0.0,0.0,0.0,0.0,0.0,0.0,0.0,0.0,0.0,0.0,0.0,0.0,0.0,0.0,0.0,0.0,0.0,0.0,0.0,0.0,0.0,0.0,0.0,0.0,0.0,-0.0016078223,0.0,0.0,0.0,-0.00922009,0.0,0.0,0.25698057,1.0
0.002512901,-0.00018564095,0.0,0.0,0.0,0.0,0.0,-0.0036463272,0.0,0.006686769,0.0,0.00027695112,0.0,0.0,0.0,0.0,0.0,0.0,0.0,0.0,0.0011479234,0.0,0.0,0.0,0.0,0.0,0.0,0.0,0.0,0.0,0.0,0.0,0.0,0.0,0.0,0.0,0.00064240233,0.0,-0.000457475,0.0,0.0,-0.0062107462,0.0,0.0,0.0,0.0,0.0,0.0,0.0,0.0,0.0,0.0,0.0,0.0,0.0,-0.00040377333,0.0,0.0,0.0,0.0005164696,0.0,0.0,0.0,0.0,-0.0004957422,0.0,0.0,0.0,0.0,0.0,0.0006561909,-0.01884317,0.0,0.0,0.0,0.0,0.0,-0.008068884,0.0,0.0,0.0,0.0,0.0,-0.0016613216,0.0,0.0,0.0,0.0,0.0,0.00094350503,0.0,0.0,0.0,0.0,0.0,0.0,0.0,0.0,0.0,0.0,0.0,0.0,0.0,0.0,0.0,0.0,0.0,0.0,0.0,-0.00093455415,0.0,0.0,0.0,0.0,0.0,0.0008993568,0.0,0.005198903,0.0,0.0,0.0030980767,-0.015846178,0.0,0.0,0.0,0.0,0.0,0.0,0.0,0.0,0.0,0.0,0.0,0.0,0.0,0.0,0.0,0.0,0.0,0.0,0.0,-0.00073057285,0.0,-0.0014052948,0.0013033542,0.0,0.0,0.0,0.0,0.0,0.0,0.0,0.0,0.0,0.0,0.0,0.0,0.0,0.0,0.0,0.0,0.0,0.0,0.0,0.0,0.0,0.0,0.0,0.0,0.0,0.0,-0.0043344684,0.0,0.0,0.0,-0.05137921,0.0,0.0,0.5307678,0.0
0.0014905928,-0.00018564095,0.0,0.0,0.0,0.0,0.0,-0.00090368197,0.0,0.036279466,0.0,0.00014170862,0.0,0.0,0.0,0.0,0.0,0.0,0.0,0.0,-0.002004133,0.0,0.0,0.0,0.0,0.0,0.0,0.0,0.0,0.0,0.0,0.0,0.0,0.0,0.0,0.0,-0.003364971,0.0,-0.0020837209,0.0,0.0,-0.0029523175,0.0,0.0,0.0,0.0,0.0,0.0,0.0,0.0,0.0,0.0,0.0,0.0,0.0,-0.00084539375,0.0,0.0,0.0,0.0004861094,0.0,0.0,0.0,0.0,-0.0014803335,0.0,0.0,0.0,0.0,0.0,0.0018861255,0.0016440875,0.0,0.0,0.0,0.0,0.0,-0.0014896377,0.0,0.0,0.0,0.0,0.0,-0.000322905,0.0,0.0,0.0,0.0,0.0,-0.0009246038,0.0,0.0,0.0,0.0,0.0,0.0,0.0,0.0,0.0,0.0,0.0,0.0,0.0,0.0,0.0,0.0,0.0,0.0,0.0,-0.00093455415,0.0,0.0,0.0,0.0,0.0,0.0109802345,0.0,0.0182966,0.0,0.0,-0.013423604,-0.0020282157,0.0,0.0,0.0,0.0,0.0,0.0,0.0,0.0,0.0,0.0,0.0,0.0,0.0,0.0,0.0,0.0,0.0,0.0,0.0,-0.0026321607,0.0,-0.0014052948,-0.0019176207,0.0,0.0,0.0,0.0,0.0,0.0,0.0,0.0,0.0,0.0,0.0,0.0,0.0,0.0,0.0,0.0,0.0,0.0,0.0,0.0,0.0,0.0,0.0,0.0,0.0,0.0,-0.013157883,0.0,0.0,0.0,0.01800635,0.0,0.0,0.31685486,0.0
-0.0044648587,0.0065682638,0.0,0.0,0.0,0.0,0.0,-0.00035134068,0.0,-0.008985585,0.0,0.0010259551,0.0,0.0,0.0,0.0,0.0,0.0,0.0,0.0,0.0006055948,0.0,0.0,0.0,0.0,0.0,0.0,0.0,0.0,0.0,0.0,0.0,0.0,0.0,0.0,0.0,0.0010598954,0.0,-0.0007206944,0.0,0.0,-0.04445306,0.0,0.0,0.0,0.0,0.0,0.0,0.0,0.0,0.0,0.0,0.0,0.0,0.0,-0.0010385793,0.0,0.0,0.0,0.00054544024,0.0,0.0,0.0,0.0,0.00050434173,0.0,0.0,0.0,0.0,0.0,0.00028549368,0.0020412307,0.0,0.0,0.0,0.0,0.0,-0.00051788666,0.0,0.0,0.0,0.0,0.0,-0.00036145834,0.0,0.0,0.0,0.0,0.0,-0.005854992,0.0,0.0,0.0,0.0,0.0,0.0,0.0,0.0,0.0,0.0,0.0,0.0,0.0,0.0,0.0,0.0,0.0,0.0,0.0,-0.0037893583,0.0,0.0,0.0,0.0,0.0,0.0006034676,0.0,-0.017122356,0.0,0.0,0.0026905574,-0.00055077986,0.0,0.0,0.0,0.0,0.0,0.0,0.0,0.0,0.0,0.0,0.0,0.0,0.0,0.0,0.0,0.0,0.0,0.0,0.0,-0.001532328,0.0,-0.0073291603,0.0048904433,0.0,0.0,0.0,0.0,0.0,0.0,0.0,0.0,0.0,0.0,0.0,0.0,0.0,0.0,0.0,0.0,0.0,0.0,0.0,0.0,0.0,0.0,0.0,0.0,0.0,0.0,-0.0018170208,0.0,0.0,0.0,-0.013349473,0.0,0.0,0.19820692,0.0
0.0031844573,-0.00018564095,0.0,0.0,0.0,0.0,0.0,-0.00090368197,0.0,0.04692886,0.0,0.00027695112,0.0,0.0,0.0,0.0,0.0,0.0,0.0,0.0,-0.003308233,0.0,0.0,0.0,0.0,0.0,0.0,0.0,0.0,0.0,0.0,0.0,0.0,0.0,0.0,0.0,0.00060536293,0.0,-0.0020837209,0.0,0.0,-0.0032024288,0.0,0.0,0.0,0.0,0.0,0.0,0.0,0.0,0.0,0.0,0.0,0.0,0.0,-0.00040377333,0.0,0.0,0.0,0.0004861094,0.0,0.0,0.0,0.0,0.0010775649,0.0,0.0,0.0,0.0,0.0,0.0024467134,0.0017599608,0.0,0.0,0.0,0.0,0.0,-0.0014896377,0.0,0.0,0.0,0.0,0.0,-0.000322905,0.0,0.0,0.0,0.0,0.0,-0.0009246038,0.0,0.0,0.0,0.0,0.0,0.0,0.0,0.0,0.0,0.0,0.0,0.0,0.0,0.0,0.0,0.0,0.0,0.0,0.0,0.0017381156,0.0,0.0,0.0,0.0,0.0,0.012853439,0.0,0.0066494844,0.0,0.0,-0.012383071,-0.0020282157,0.0,0.0,0.0,0.0,0.0,0.0,0.0,0.0,0.0,0.0,0.0,0.0,0.0,0.0,0.0,0.0,0.0,0.0,0.0,-0.0045979405,0.0,0.004592694,0.0013033542,0.0,0.0,0.0,0.0,0.0,0.0,0.0,0.0,0.0,0.0,0.0,0.0,0.0,0.0,0.0,0.0,0.0,0.0,0.0,0.0,0.0,0.0,0.0,0.0,0.0,0.0,0.013648662,0.0,0.0,0.0,0.022468587,0.0,0.0,0.44848236,0.0
0.0016084606,-0.00018564095,0.0,0.0,0.0,0.0,0.0,-0.00047079078,0.0,-0.012383181,0.0,-0.0022461726,0.0,0.0,0.0,0.0,0.0,0.0,0.0,0.0,-0.003288447,0.0,0.0,0.0,0.0,0.0,0.0,0.0,0.0,0.0,0.0,0.0,0.0,0.0,0.0,0.0,-0.004377627,0.0,-0.008486858,0.0,0.0,-0.0027947922,0.0,0.0,0.0,0.0,0.0,0.0,0.0,0.0,0.0,0.0,0.0,0.0,0.0,-0.00040377333,0.0,0.0,0.0,0.00053271785,0.0,0.0,0.0,0.0,-0.003395332,0.0,0.0,0.0,0.0,0.0,0.00032533729,0.0026686208,0.0,0.0,0.0,0.0,0.0,-0.00071351556,0.0,0.0,0.0,0.0,0.0,-0.00063473743,0.0,0.0,0.0,0.0,0.0,-0.0056416467,0.0,0.0,0.0,0.0,0.0,0.0,0.0,0.0,0.0,0.0,0.0,0.0,0.0,0.0,0.0,0.0,0.0,0.0,0.0,0.00058055075,0.0,0.0,0.0,0.0,0.0,-0.013356292,0.0,0.0044029406,0.0,0.0,-0.015102636,-0.00081545894,0.0,0.0,0.0,0.0,0.0,0.0,0.0,0.0,0.0,0.0,0.0,0.0,0.0,0.0,0.0,0.0,0.0,0.0,0.0,-0.008365089,0.0,-0.0024586422,0.00070287706,0.0,0.0,0.0,0.0,0.0,0.0,0.0,0.0,0.0,0.0,0.0,0.0,0.0,0.0,0.0,0.0,0.0,0.0,0.0,0.0,0.0,0.0,0.0,0.0,0.0,0.0,0.0019199853,0.0,0.0,0.0,-0.012557461,0.0,0.0,0.2732965,0.0
-0.00798891,-0.0005126418,0.0,0.0,0.0,0.0,0.0,0.00019817476,0.0,-0.030342061,0.0,0.00029436726,0.0,0.0,0.0,0.0,0.0,0.0,0.0,0.0,-0.0013307615,0.0,0.0,0.0,0.0,0.0,0.0,0.0,0.0,0.0,0.0,0.0,0.0,0.0,0.0,0.0,0.0004393215,0.0,-0.0006978067,0.0,0.0,0.002202885,0.0,0.0,0.0,0.0,0.0,0.0,0.0,0.0,0.0,0.0,0.0,0.0,0.0,-0.00042312307,0.0,0.0,0.0,0.0010019778,0.0,0.0,0.0,0.0,0.0023698169,0.0,0.0,0.0,0.0,0.0,0.0005644697,-0.0032378787,0.0,0.0,0.0,0.0,0.0,-0.0009632037,0.0,0.0,0.0,0.0,0.0,0.005233601,0.0,0.0,0.0,0.0,0.0,-0.021196745,0.0,0.0,0.0,0.0,0.0,0.0,0.0,0.0,0.0,0.0,0.0,0.0,0.0,0.0,0.0,0.0,0.0,0.0,0.0,-0.0003638039,0.0,0.0,0.0,0.0,0.0,0.002581061,0.0,0.00857017,0.0,0.0,-0.01096617,-0.0007739896,0.0,0.0,0.0,0.0,0.0,0.0,0.0,0.0,0.0,0.0,0.0,0.0,0.0,0.0,0.0,0.0,0.0,0.0,0.0,0.0068645603,0.0,-0.0004989258,0.0013861785,0.0,0.0,0.0,0.0,0.0,0.0,0.0,0.0,0.0,0.0,0.0,0.0,0.0,0.0,0.0,0.0,0.0,0.0,0.0,0.0,0.0,0.0,0.0,0.0,0.0,0.0,0.00327445,0.0,0.0,0.0,-0.044640873,0.0,0.0,0.30852053,0.0
-0.004921661,-0.0005126418,0.0,0.0,0.0,0.0,0.0,-0.0010213109,0.0,0.0070409286,0.0,0.00018291186,0.0,0.0,0.0,0.0,0.0,0.0,0.0,0.0,-0.005792587,0.0,0.0,0.0,0.0,0.0,0.0,0.0,0.0,0.0,0.0,0.0,0.0,0.0,0.0,0.0,0.0007542941,0.0,-0.00132788,0.0,0.0,-0.0033633397,0.0,0.0,0.0,0.0,0.0,0.0,0.0,0.0,0.0,0.0,0.0,0.0,0.0,-0.0002992929,0.0,0.0,0.0,0.0029408445,0.0,0.0,0.0,0.0,-0.0010376694,0.0,0.0,0.0,0.0,0.0,0.00032533729,0.009250303,0.0,0.0,0.0,0.0,0.0,0.0015218803,0.0,0.0,0.0,0.0,0.0,-0.00063473743,0.0,0.0,0.0,0.0,0.0,-0.0027991934,0.0,0.0,0.0,0.0,0.0,0.0,0.0,0.0,0.0,0.0,0.0,0.0,0.0,0.0,0.0,0.0,0.0,0.0,0.0,-0.0005936178,0.0,0.0,0.0,0.0,0.0,-0.011765806,0.0,0.018516142,0.0,0.0,0.018060576,-0.00055758696,0.0,0.0,0.0,0.0,0.0,0.0,0.0,0.0,0.0,0.0,0.0,0.0,0.0,0.0,0.0,0.0,0.0,0.0,0.0,-0.001761717,0.0,-0.00084254786,0.0008561373,0.0,0.0,0.0,0.0,0.0,0.0,0.0,0.0,0.0,0.0,0.0,0.0,0.0,0.0,0.0,0.0,0.0,0.0,0.0,0.0,0.0,0.0,0.0,0.0,0.0,0.0,0.0019199853,0.0,0.0,0.0,0.01630893,0.0,0.0,0.41435465,0.0
0.0019555374,-0.00018564095,0.0,0.0,0.0,0.0,0.0,0.00042991072,0.0,-0.0068545034,0.0,0.00027695112,0.0,0.0,0.0,0.0,0.0,0.0,0.0,0.0,0.0008939812,0.0,0.0,0.0,0.0,0.0,0.0,0.0,0.0,0.0,0.0,0.0,0.0,0.0,0.0,0.0,0.0005473709,0.0,-0.0022832756,0.0,0.0,-0.0062107462,0.0,0.0,0.0,0.0,0.0,0.0,0.0,0.0,0.0,0.0,0.0,0.0,0.0,-0.00040377333,0.0,0.0,0.0,0.00097043416,0.0,0.0,0.0,0.0,0.018367361,0.0,0.0,0.0,0.0,0.0,0.00048274582,0.010330757,0.0,0.0,0.0,0.0,0.0,0.0020544482,0.0,0.0,0.0,0.0,0.0,-0.00063473743,0.0,0.0,0.0,0.0,0.0,0.0014487694,0.0,0.0,0.0,0.0,0.0,0.0,0.0,0.0,0.0,0.0,0.0,0.0,0.0,0.0,0.0,0.0,0.0,0.0,0.0,-0.00093455415,0.0,0.0,0.0,0.0,0.0,0.0007605343,0.0,0.018025545,0.0,0.0,-0.0050604898,-0.0005338345,0.0,0.0,0.0,0.0,0.0,0.0,0.0,0.0,0.0,0.0,0.0,0.0,0.0,0.0,0.0,0.0,0.0,0.0,0.0,0.04632877,0.0,-0.0014052948,0.0013033542,0.0,0.0,0.0,0.0,0.0,0.0,0.0,0.0,0.0,0.0,0.0,0.0,0.0,0.0,0.0,0.0,0.0,0.0,0.0,0.0,0.0,0.0,0.0,0.0,0.0,0.0,-0.0031567083,0.0,0.0,0.0,0.0044324244,0.0,0.0,0.34800583,0.0
0.0023248252,-0.00018564095,0.0,0.0,0.0,0.0,0.0,0.00014733255,0.0,-0.034761716,0.0,0.00028797178,0.0,0.0,0.0,0.0,0.0,0.0,0.0,0.0,-0.0013307615,0.0,0.0,0.0,0.0,0.0,0.0,0.0,0.0,0.0,0.0,0.0,0.0,0.0,0.0,0.0,0.00043403255,0.0,-0.008486858,0.0,0.0,0.0024334001,0.0,0.0,0.0,0.0,0.0,0.0,0.0,0.0,0.0,0.0,0.0,0.0,0.0,-0.001865376,0.0,0.0,0.0,0.00097043416,0.0,0.0,0.0,0.0,0.0024715308,0.0,0.0,0.0,0.0,0.0,0.0005644697,0.0041747713,0.0,0.0,0.0,0.0,0.0,-0.0006459594,0.0,0.0,0.0,0.0,0.0,-0.00063473743,0.0,0.0,0.0,0.0,0.0,-0.0014882368,0.0,0.0,0.0,0.0,0.0,0.0,0.0,0.0,0.0,0.0,0.0,0.0,0.0,0.0,0.0,0.0,0.0,0.0,0.0,-0.00049080444,0.0,0.0,0.0,0.0,0.0,0.002581061,0.0,0.005507245,0.0,0.0,-0.04364842,0.0024292404,0.0,0.0,0.0,0.0,0.0,0.0,0.0,0.0,0.0,0.0,0.0,0.0,0.0,0.0,0.0,0.0,0.0,0.0,0.0,-0.019571217,0.0,-0.00068881933,-0.0054593934,0.0,0.0,0.0,0.0,0.0,0.0,0.0,0.0,0.0,0.0,0.0,0.0,0.0,0.0,0.0,0.0,0.0,0.0,0.0,0.0,0.0,0.0,0.0,0.0,0.0,0.0,0.00327445,0.0,0.0,0.0,0.0067205625,0.0,0.0,0.19344123,1.0
0.008058041,-0.00059347774,0.0,0.0,0.0,0.0,0.0,0.0001478934,0.0,-0.008562352,0.0,0.0004668395,0.0,0.0,0.0,0.0,0.0,0.0,0.0,0.0,-0.0009014755,0.0,0.0,0.0,0.0,0.0,0.0,0.0,0.0,0.0,0.0,0.0,0.0,0.0,0.0,0.0,0.0005321386,0.0,-0.0007206944,0.0,0.0,-0.0058702547,0.0,0.0,0.0,0.0,0.0,0.0,0.0,0.0,0.0,0.0,0.0,0.0,0.0,-0.0035533733,0.0,0.0,0.0,0.00054544024,0.0,0.0,0.0,0.0,0.00050434173,0.0,0.0,0.0,0.0,0.0,0.00028549368,0.0020412307,0.0,0.0,0.0,0.0,0.0,-0.00064898864,0.0,0.0,0.0,0.0,0.0,-0.00036145834,0.0,0.0,0.0,0.0,0.0,-0.005854992,0.0,0.0,0.0,0.0,0.0,0.0,0.0,0.0,0.0,0.0,0.0,0.0,0.0,0.0,0.0,0.0,0.0,0.0,0.0,-0.027088545,0.0,0.0,0.0,0.0,0.0,0.0011578036,0.0,-0.01584686,0.0,0.0,0.0026905574,-0.00052560616,0.0,0.0,0.0,0.0,0.0,0.0,0.0,0.0,0.0,0.0,0.0,0.0,0.0,0.0,0.0,0.0,0.0,0.0,0.0,-0.001532328,0.0,0.013690721,-0.0100581115,0.0,0.0,0.0,0.0,0.0,0.0,0.0,0.0,0.0,0.0,0.0,0.0,0.0,0.0,0.0,0.0,0.0,0.0,0.0,0.0,0.0,0.0,0.0,0.0,0.0,0.0,-0.0018170208,0.0,0.0,0.0,-0.013572203,0.0,0.0,0.23589316,0.0
0.0062822686,-0.00059347774,0.0,0.0,0.0,0.0,0.0,-0.00064039824,0.0,-0.0031958788,0.0,-0.00527647,0.0,0.0,0.0,0.0,0.0,0.0,0.0,0.0,-0.00274459,0.0,0.0,0.0,0.0,0.0,0.0,0.0,0.0,0.0,0.0,0.0,0.0,0.0,0.0,0.0,0.0006096399,0.0,-0.0007206944,0.0,0.0,-0.031998113,0.0,0.0,0.0,0.0,0.0,0.0,0.0,0.0,0.0,0.0,0.0,0.0,0.0,0.00717228,0.0,0.0,0.0,0.00054544024,0.0,0.0,0.0,0.0,-0.0006928529,0.0,0.0,0.0,0.0,0.0,0.00022042627,0.0027602746,0.0,0.0,0.0,0.0,0.0,0.001104617,0.0,0.0,0.0,0.0,0.0,-0.00036145834,0.0,0.0,0.0,0.0,0.0,0.0056997202,0.0,0.0,0.0,0.0,0.0,0.0,0.0,0.0,0.0,0.0,0.0,0.0,0.0,0.0,0.0,0.0,0.0,0.0,0.0,0.0023539725,0.0,0.0,0.0,0.0,0.0,-0.006195954,0.0,-0.04193823,0.0,0.0,0.004905113,-0.00046401884,0.0,0.0,0.0,0.0,0.0,0.0,0.0,0.0,0.0,0.0,0.0,0.0,0.0,0.0,0.0,0.0,0.0,0.0,0.0,-0.0010721154,0.0,-0.020499686,-0.0003224664,0.0,0.0,0.0,0.0,0.0,0.0,0.0,0.0,0.0,0.0,0.0,0.0,0.0,0.0,0.0,0.0,0.0,0.0,0.0,0.0,0.0,0.0,0.0,0.0,0.0,0.0,0.0013148019,0.0,0.0,0.0,-0.0076704044,0.0,0.0,0.3176769,0.0
0.0026020077,-0.00018564095,0.0,0.0,0.0,0.0,0.0,-0.00090368197,0.0,0.010838287,0.0,-0.006318902,0.0,0.0,0.0,0.0,0.0,0.0,0.0,0.0,-0.003308233,0.0,0.0,0.0,0.0,0.0,0.0,0.0,0.0,0.0,0.0,0.0,0.0,0.0,0.0,0.0,0.0006408116,0.0,0.0019395935,0.0,0.0,0.0018810398,0.0,0.0,0.0,0.0,0.0,0.0,0.0,0.0,0.0,0.0,0.0,0.0,0.0,-0.00064287806,0.0,0.0,0.0,0.0005164696,0.0,0.0,0.0,0.0,-0.0004957422,0.0,0.0,0.0,0.0,0.0,-0.05517158,-0.019031096,0.0,0.0,0.0,0.0,0.0,-0.0014896377,0.0,0.0,0.0,0.0,0.0,-0.0016613216,0.0,0.0,0.0,0.0,0.0,-0.0009692081,0.0,0.0,0.0,0.0,0.0,0.0,0.0,0.0,0.0,0.0,0.0,0.0,0.0,0.0,0.0,0.0,0.0,0.0,0.0,-0.0009944733,0.0,0.0,0.0,0.0,0.0,0.0031052534,0.0,0.0020435592,0.0,0.0,0.0020456754,-0.0020282157,0.0,0.0,0.0,0.0,0.0,0.0,0.0,0.0,0.0,0.0,0.0,0.0,0.0,0.0,0.0,0.0,0.0,0.0,0.0,-0.000537456,0.0,0.0012867005,0.0015633481,0.0,0.0,0.0,0.0,0.0,0.0,0.0,0.0,0.0,0.0,0.0,0.0,0.0,0.0,0.0,0.0,0.0,0.0,0.0,0.0,0.0,0.0,0.0,0.0,0.0,0.0,-0.004833868,0.0,0.0,0.0,0.009388617,0.0,0.0,0.34342906,0.0
0.0021927352,-0.00018564095,0.0,0.0,0.0,0.0,0.0,-0.00047079078,0.0,-0.005560043,0.0,0.00028797178,0.0,0.0,0.0,0.0,0.0,0.0,0.0,0.0,-0.0013307615,0.0,0.0,0.0,0.0,0.0,0.0,0.0,0.0,0.0,0.0,0.0,0.0,0.0,0.0,0.0,0.00043403255,0.0,0.0056299195,0.0,0.0,0.0024334001,0.0,0.0,0.0,0.0,0.0,0.0,0.0,0.0,0.0,0.0,0.0,0.0,0.0,-0.001865376,0.0,0.0,0.0,0.0029408445,0.0,0.0,0.0,0.0,-0.0010376694,0.0,0.0,0.0,0.0,0.0,0.00048274582,0.009640743,0.0,0.0,0.0,0.0,0.0,-0.00071351556,0.0,0.0,0.0,0.0,0.0,-0.00063473743,0.0,0.0,0.0,0.0,0.0,-0.0027991934,0.0,0.0,0.0,0.0,0.0,0.0,0.0,0.0,0.0,0.0,0.0,0.0,0.0,0.0,0.0,0.0,0.0,0.0,0.0,-0.00049080444,0.0,0.0,0.0,0.0,0.0,0.002102475,0.0,0.014544907,0.0,0.0,0.0075805373,-0.00081545894,0.0,0.0,0.0,0.0,0.0,0.0,0.0,0.0,0.0,0.0,0.0,0.0,0.0,0.0,0.0,0.0,0.0,0.0,0.0,-0.00078124175,0.0,-0.00068881933,-0.0054593934,0.0,0.0,0.0,0.0,0.0,0.0,0.0,0.0,0.0,0.0,0.0,0.0,0.0,0.0,0.0,0.0,0.0,0.0,0.0,0.0,0.0,0.0,0.0,0.0,0.0,0.0,-0.0031567083,0.0,0.0,0.0,0.018166516,0.0,0.0,0.2751681,0.0
0.0021927352,-0.00018564095,0.0,0.0,0.0,0.0,0.0,0.00019817476,0.0,-0.0056186295,0.0,0.00028797178,0.0,0.0,0.0,0.0,0.0,0.0,0.0,0.0,-0.0013307615,0.0,0.0,0.0,0.0,0.0,0.0,0.0,0.0,0.0,0.0,0.0,0.0,0.0,0.0,0.0,0.00043403255,0.0,0.002958547,0.0,0.0,0.0024334001,0.0,0.0,0.0,0.0,0.0,0.0,0.0,0.0,0.0,0.0,0.0,0.0,0.0,-0.001865376,0.0,0.0,0.0,0.0029408445,0.0,0.0,0.0,0.0,-0.0032555996,0.0,0.0,0.0,0.0,0.0,0.00048274582,0.009680386,0.0,0.0,0.0,0.0,0.0,-0.0009632037,0.0,0.0,0.0,0.0,0.0,-0.00063473743,0.0,0.0,0.0,0.0,0.0,-0.0027991934,0.0,0.0,0.0,0.0,0.0,0.0,0.0,0.0,0.0,0.0,0.0,0.0,0.0,0.0,0.0,0.0,0.0,0.0,0.0,-0.00049080444,0.0,0.0,0.0,0.0,0.0,0.002102475,0.0,0.014664446,0.0,0.0,0.009527597,-0.0007739896,0.0,0.0,0.0,0.0,0.0,0.0,0.0,0.0,0.0,0.0,0.0,0.0,0.0,0.0,0.0,0.0,0.0,0.0,0.0,0.0018493466,0.0,-0.00068881933,-0.0054593934,0.0,0.0,0.0,0.0,0.0,0.0,0.0,0.0,0.0,0.0,0.0,0.0,0.0,0.0,0.0,0.0,0.0,0.0,0.0,0.0,0.0,0.0,0.0,0.0,0.0,0.0,-0.0031567083,0.0,0.0,0.0,0.01791683,0.0,0.0,0.38257614,0.0
-0.0037856384,-0.0005126418,0.0,0.0,0.0,0.0,0.0,0.00042991072,0.0,-0.030285167,0.0,-0.0020673685,0.0,0.0,0.0,0.0,0.0,0.0,0.0,0.0,0.0038913544,0.0,0.0,0.0,0.0,0.0,0.0,0.0,0.0,0.0,0.0,0.0,0.0,0.0,0.0,0.0,0.0015990202,0.0,0.0056299195,0.0,0.0,-0.0025348149,0.0,0.0,0.0,0.0,0.0,0.0,0.0,0.0,0.0,0.0,0.0,0.0,0.0,-0.0002992929,0.0,0.0,0.0,0.0010019778,0.0,0.0,0.0,0.0,-0.0010376694,0.0,0.0,0.0,0.0,0.0,0.00032533729,0.004245989,0.0,0.0,0.0,0.0,0.0,0.0020544482,0.0,0.0,0.0,0.0,0.0,-0.00063473743,0.0,0.0,0.0,0.0,0.0,-0.021196745,0.0,0.0,0.0,0.0,0.0,0.0,0.0,0.0,0.0,0.0,0.0,0.0,0.0,0.0,0.0,0.0,0.0,0.0,0.0,-0.0005936178,0.0,0.0,0.0,0.0,0.0,-0.0056485473,0.0,0.0115769105,0.0,0.0,-0.004624772,-0.0005338345,0.0,0.0,0.0,0.0,0.0,0.0,0.0,0.0,0.0,0.0,0.0,0.0,0.0,0.0,0.0,0.0,0.0,0.0,0.0,-0.00078124175,0.0,-0.00084254786,0.00065497006,0.0,0.0,0.0,0.0,0.0,0.0,0.0,0.0,0.0,0.0,0.0,0.0,0.0,0.0,0.0,0.0,0.0,0.0,0.0,0.0,0.0,0.0,0.0,0.0,0.0,0.0,0.0019199853,0.0,0.0,0.0,-0.046907034,0.0,0.0,0.49196723,0.0
0.0015675088,-0.00018564095,0.0,0.0,0.0,0.0,0.0,-0.00047079078,0.0,-0.03384016,0.0,0.00017989,0.0,0.0,0.0,0.0,0.0,0.0,0.0,0.0,-0.0013307615,0.0,0.0,0.0,0.0,0.0,0.0,0.0,0.0,0.0,0.0,0.0,0.0,0.0,0.0,0.0,0.00034465842,0.0,0.0108206,0.0,0.0,-0.0037152886,0.0,0.0,0.0,0.0,0.0,0.0,0.0,0.0,0.0,0.0,0.0,0.0,0.0,-0.00084539375,0.0,0.0,0.0,0.00036661752,0.0,0.0,0.0,0.0,-0.0017229116,0.0,0.0,0.0,0.0,0.0,0.00048274582,-0.045121457,0.0,0.0,0.0,0.0,0.0,-0.00071351556,0.0,0.0,0.0,0.0,0.0,-0.00712193,0.0,0.0,0.0,0.0,0.0,-0.002801349,0.0,0.0,0.0,0.0,0.0,0.0,0.0,0.0,0.0,0.0,0.0,0.0,0.0,0.0,0.0,0.0,0.0,0.0,0.0,-0.00093455415,0.0,0.0,0.0,0.0,0.0,0.002102475,0.0,0.0057519064,0.0,0.0,-0.0016619863,-0.00081545894,0.0,0.0,0.0,0.0,0.0,0.0,0.0,0.0,0.0,0.0,0.0,0.0,0.0,0.0,0.0,0.0,0.0,0.0,0.0,-0.0009746783,0.0,-0.0014052948,-0.0026805915,0.0,0.0,0.0,0.0,0.0,0.0,0.0,0.0,0.0,0.0,0.0,0.0,0.0,0.0,0.0,0.0,0.0,0.0,0.0,0.0,0.0,0.0,0.0,0.0,0.0,0.0,-0.0031567083,0.0,0.0,0.0,-0.004505169,0.0,0.0,0.25966638,0.0
0.0017223001,-0.00018564095,0.0,0.0,0.0,0.0,0.0,-0.00090368197,0.0,-0.008700236,0.0,0.00019873172,0.0,0.0,0.0,0.0,0.0,0.0,0.0,0.0,0.0013463399,0.0,0.0,0.0,0.0,0.0,0.0,0.0,0.0,0.0,0.0,0.0,0.0,0.0,0.0,0.0,-0.0061411355,0.0,-0.00043352967,0.0,0.0,-0.004215654,0.0,0.0,0.0,0.0,0.0,0.0,0.0,0.0,0.0,0.0,0.0,0.0,0.0,-0.00040377333,0.0,0.0,0.0,0.0004972898,0.0,0.0,0.0,0.0,-0.0014308065,0.0,0.0,0.0,0.0,0.0,-0.05517158,0.00242686,0.0,0.0,0.0,0.0,0.0,-0.0014896377,0.0,0.0,0.0,0.0,0.0,-0.000322905,0.0,0.0,0.0,0.0,0.0,0.004937339,0.0,0.0,0.0,0.0,0.0,0.0,0.0,0.0,0.0,0.0,0.0,0.0,0.0,0.0,0.0,0.0,0.0,0.0,0.0,-0.00093455415,0.0,0.0,0.0,0.0,0.0,0.0011513015,0.0,0.010348086,0.0,0.0,0.0027912732,-0.0020282157,0.0,0.0,0.0,0.0,0.0,0.0,0.0,0.0,0.0,0.0,0.0,0.0,0.0,0.0,0.0,0.0,0.0,0.0,0.0,0.0023410302,0.0,-0.0014052948,0.00093238335,0.0,0.0,0.0,0.0,0.0,0.0,0.0,0.0,0.0,0.0,0.0,0.0,0.0,0.0,0.0,0.0,0.0,0.0,0.0,0.0,0.0,0.0,0.0,0.0,0.0,0.0,-0.004833868,0.0,0.0,0.0,-0.00081299164,0.0,0.0,0.2616006,0.0
0.0015675088,-0.00018564095,0.0,0.0,0.0,0.0,0.0,0.00042991072,0.0,0.0041568247,0.0,0.00017989,0.0,0.0,0.0,0.0,0.0,0.0,0.0,0.0,-0.005792587,0.0,0.0,0.0,0.0,0.0,0.0,0.0,0.0,0.0,0.0,0.0,0.0,0.0,0.0,0.0,0.0007517983,0.0,0.0056299195,0.0,0.0,-0.0037152886,0.0,0.0,0.0,0.0,0.0,0.0,0.0,0.0,0.0,0.0,0.0,0.0,0.0,-0.00084539375,0.0,0.0,0.0,0.0010019778,0.0,0.0,0.0,0.0,0.0007553407,0.0,0.0,0.0,0.0,0.0,0.0002906361,0.008124281,0.0,0.0,0.0,0.0,0.0,0.0020544482,0.0,0.0,0.0,0.0,0.0,-0.00063473743,0.0,0.0,0.0,0.0,0.0,0.020634618,0.0,0.0,0.0,0.0,0.0,0.0,0.0,0.0,0.0,0.0,0.0,0.0,0.0,0.0,0.0,0.0,0.0,0.0,0.0,-0.00093455415,0.0,0.0,0.0,0.0,0.0,-0.009584165,0.0,0.015179786,0.0,0.0,0.0028134508,-0.0005338345,0.0,0.0,0.0,0.0,0.0,0.0,0.0,0.0,0.0,0.0,0.0,0.0,0.0,0.0,0.0,0.0,0.0,0.0,0.0,-0.0019194039,0.0,-0.0014052948,-0.0026805915,0.0,0.0,0.0,0.0,0.0,0.0,0.0,0.0,0.0,0.0,0.0,0.0,0.0,0.0,0.0,0.0,0.0,0.0,0.0,0.0,0.0,0.0,0.0,0.0,0.0,0.0,-0.0018509467,0.0,0.0,0.0,-0.02037268,0.0,0.0,0.22331728,0.0
0.0042189187,-0.00059347774,0.0,0.0,0.0,0.0,0.0,-0.00035134068,0.0,-0.0033835853,0.0,0.0004668395,0.0,0.0,0.0,0.0,0.0,0.0,0.0,0.0,-0.0009014755,0.0,0.0,0.0,0.0,0.0,0.0,0.0,0.0,0.0,0.0,0.0,0.0,0.0,0.0,0.0,0.0005321386,0.0,-0.0023993794,0.0,0.0,-0.015218599,0.0,0.0,0.0,0.0,0.0,0.0,0.0,0.0,0.0,0.0,0.0,0.0,0.0,-0.0035533733,0.0,0.0,0.0,0.00053268566,0.0,0.0,0.0,0.0,0.0011982783,0.0,0.0,0.0,0.0,0.0,-0.008351057,0.0021575973,0.0,0.0,0.0,0.0,0.0,-0.00051788666,0.0,0.0,0.0,0.0,0.0,-0.00036145834,0.0,0.0,0.0,0.0,0.0,0.0009673448,0.0,0.0,0.0,0.0,0.0,0.0,0.0,0.0,0.0,0.0,0.0,0.0,0.0,0.0,0.0,0.0,0.0,0.0,0.0,-0.0037893583,0.0,0.0,0.0,0.0,0.0,0.0007045017,0.0,-0.026506947,0.0,0.0,-0.014820009,-0.00055077986,0.0,0.0,0.0,0.0,0.0,0.0,0.0,0.0,0.0,0.0,0.0,0.0,0.0,0.0,0.0,0.0,0.0,0.0,0.0,-0.0053131953,0.0,-0.0073291603,-0.0100581115,0.0,0.0,0.0,0.0,0.0,0.0,0.0,0.0,0.0,0.0,0.0,0.0,0.0,0.0,0.0,0.0,0.0,0.0,0.0,0.0,0.0,0.0,0.0,0.0,0.0,0.0,-0.0013159796,0.0,0.0,0.0,0.0031186177,0.0,0.0,0.31963748,0.0
-0.00729648,-0.0005126418,0.0,0.0,0.0,0.0,0.0,0.012261035,0.0,0.010283611,0.0,-0.0033270966,0.0,0.0,0.0,0.0,0.0,0.0,0.0,0.0,-0.0017087742,0.0,0.0,0.0,0.0,0.0,0.0,0.0,0.0,0.0,0.0,0.0,0.0,0.0,0.0,0.0,0.00040882302,0.0,-0.00043352967,0.0,0.0,0.0016602266,0.0,0.0,0.0,0.0,0.0,0.0,0.0,0.0,0.0,0.0,0.0,0.0,0.0,-0.00042312307,0.0,0.0,0.0,0.0008853866,0.0,0.0,0.0,0.0,-0.0014308065,0.0,0.0,0.0,0.0,0.0,0.0007800361,0.0029005874,0.0,0.0,0.0,0.0,0.0,0.04186086,0.0,0.0,0.0,0.0,0.0,-0.000322905,0.0,0.0,0.0,0.0,0.0,0.0013524202,0.0,0.0,0.0,0.0,0.0,0.0,0.0,0.0,0.0,0.0,0.0,0.0,0.0,0.0,0.0,0.0,0.0,0.0,0.0,-0.0003638039,0.0,0.0,0.0,0.0,0.0,0.0036546588,0.0,0.021626016,0.0,0.0,0.0039146775,0.0004863923,0.0,0.0,0.0,0.0,0.0,0.0,0.0,0.0,0.0,0.0,0.0,0.0,0.0,0.0,0.0,0.0,0.0,0.0,0.0,0.0023410302,0.0,-0.0004989258,0.00096043514,0.0,0.0,0.0,0.0,0.0,0.0,0.0,0.0,0.0,0.0,0.0,0.0,0.0,0.0,0.0,0.0,0.0,0.0,0.0,0.0,0.0,0.0,0.0,0.0,0.0,0.0,0.0044961404,0.0,0.0,0.0,-0.019466624,0.0,0.0,0.44093302,0.0
0.010025633,-0.00059347774,0.0,0.0,0.0,0.0,0.0,-0.0016266484,0.0,-0.0029762706,0.0,0.0004668395,0.0,0.0,0.0,0.0,0.0,0.0,0.0,0.0,-0.0011012829,0.0,0.0,0.0,0.0,0.0,0.0,0.0,0.0,0.0,0.0,0.0,0.0,0.0,0.0,0.0,0.0005587924,0.0,0.0018832355,0.0,0.0,-0.029753346,0.0,0.0,0.0,0.0,0.0,0.0,0.0,0.0,0.0,0.0,0.0,0.0,0.0,0.00717228,0.0,0.0,0.0,0.00049726065,0.0,0.0,0.0,0.0,0.0003524524,0.0,0.0,0.0,0.0,0.0,0.00036133005,0.0016289466,0.0,0.0,0.0,0.0,0.0,-0.0028230422,0.0,0.0,0.0,0.0,0.0,-0.00022556304,0.0,0.0,0.0,0.0,0.0,-0.00094114617,0.0,0.0,0.0,0.0,0.0,0.0,0.0,0.0,0.0,0.0,0.0,0.0,0.0,0.0,0.0,0.0,0.0,0.0,0.0,-0.027088545,0.0,0.0,0.0,0.0,0.0,0.001494269,0.0,-0.013438955,0.0,0.0,0.0017663565,-0.004194122,0.0,0.0,0.0,0.0,0.0,0.0,0.0,0.0,0.0,0.0,0.0,0.0,0.0,0.0,0.0,0.0,0.0,0.0,0.0,-0.00074157224,0.0,0.013690721,-0.00495068,0.0,0.0,0.0,0.0,0.0,0.0,0.0,0.0,0.0,0.0,0.0,0.0,0.0,0.0,0.0,0.0,0.0,0.0,0.0,0.0,0.0,0.0,0.0,0.0,0.0,0.0,-0.0023169322,0.0,0.0,0.0,-0.014513774,0.0,0.0,0.3528669,0.0
-0.011565248,-0.0037940475,0.0,0.0,0.0,0.0,0.0,-0.00035134068,0.0,-0.008581509,0.0,-0.005411856,0.0,0.0,0.0,0.0,0.0,0.0,0.0,0.0,0.0006055948,0.0,0.0,0.0,0.0,0.0,0.0,0.0,0.0,0.0,0.0,0.0,0.0,0.0,0.0,0.0,0.00046529472,0.0,-0.00046592625,0.0,0.0,-0.007502548,0.0,0.0,0.0,0.0,0.0,0.0,0.0,0.0,0.0,0.0,0.0,0.0,0.0,-0.00062805315,0.0,0.0,0.0,0.00054544024,0.0,0.0,0.0,0.0,-0.0015896666,0.0,0.0,0.0,0.0,0.0,0.00028549368,0.002130911,0.0,0.0,0.0,0.0,0.0,-0.00051788666,0.0,0.0,0.0,0.0,0.0,-0.00036145834,0.0,0.0,0.0,0.0,0.0,-0.005854992,0.0,0.0,0.0,0.0,0.0,0.0,0.0,0.0,0.0,0.0,0.0,0.0,0.0,0.0,0.0,0.0,0.0,0.0,0.0,-0.0016664151,0.0,0.0,0.0,0.0,0.0,0.0006034676,0.0,-0.037432823,0.0,0.0,0.0013572252,-0.0004927028,0.0,0.0,0.0,0.0,0.0,0.0,0.0,0.0,0.0,0.0,0.0,0.0,0.0,0.0,0.0,0.0,0.0,0.0,0.0,0.0025378999,0.0,-0.0026132988,0.0014659577,0.0,0.0,0.0,0.0,0.0,0.0,0.0,0.0,0.0,0.0,0.0,0.0,0.0,0.0,0.0,0.0,0.0,0.0,0.0,0.0,0.0,0.0,0.0,0.0,0.0,0.0,-0.0018170208,0.0,0.0,0.0,-0.013291394,0.0,0.0,0.30579817,1.0
0.0075118607,-0.00059347774,0.0,0.0,0.0,0.0,0.0,-0.001868535,0.0,-0.0012352867,0.0,0.0003102904,0.0,0.0,0.0,0.0,0.0,0.0,0.0,0.0,0.00037763722,0.0,0.0,0.0,0.0,0.0,0.0,0.0,0.0,0.0,0.0,0.0,0.0,0.0,0.0,0.0,-0.0056446916,0.0,-0.0007206944,0.0,0.0,-0.0014646654,0.0,0.0,0.0,0.0,0.0,0.0,0.0,0.0,0.0,0.0,0.0,0.0,0.0,-0.0035533733,0.0,0.0,0.0,0.0010018946,0.0,0.0,0.0,0.0,-0.0006928529,0.0,0.0,0.0,0.0,0.0,0.00019865946,0.003187943,0.0,0.0,0.0,0.0,0.0,0.002449955,0.0,0.0,0.0,0.0,0.0,-0.00036145834,0.0,0.0,0.0,0.0,0.0,-0.0015237789,0.0,0.0,0.0,0.0,0.0,0.0,0.0,0.0,0.0,0.0,0.0,0.0,0.0,0.0,0.0,0.0,0.0,0.0,0.0,-0.027088545,0.0,0.0,0.0,0.0,0.0,0.0006846511,0.0,-0.04803981,0.0,0.0,0.005913639,-0.0011145702,0.0,0.0,0.0,0.0,0.0,0.0,0.0,0.0,0.0,0.0,0.0,0.0,0.0,0.0,0.0,0.0,0.0,0.0,0.0,-0.0010721154,0.0,0.013690721,-0.005652522,0.0,0.0,0.0,0.0,0.0,0.0,0.0,0.0,0.0,0.0,0.0,0.0,0.0,0.0,0.0,0.0,0.0,0.0,0.0,0.0,0.0,0.0,0.0,0.0,0.0,0.0,-0.0012446122,0.0,0.0,0.0,-0.0008435048,0.0,0.0,0.35688734,1.0
0.004290427,-0.00059347774,0.0,0.0,0.0,0.0,0.0,0.00031001033,0.0,0.0030817385,0.0,0.0004668395,0.0,0.0,0.0,0.0,0.0,0.0,0.0,0.0,-0.0012219409,0.0,0.0,0.0,0.0,0.0,0.0,0.0,0.0,0.0,0.0,0.0,0.0,0.0,0.0,0.0,-0.0005366135,0.0,0.0030555865,0.0,0.0,-0.015218599,0.0,0.0,0.0,0.0,0.0,0.0,0.0,0.0,0.0,0.0,0.0,0.0,0.0,-0.0035533733,0.0,0.0,0.0,0.0010018946,0.0,0.0,0.0,0.0,-0.0006928529,0.0,0.0,0.0,0.0,0.0,0.00016450361,0.0034641053,0.0,0.0,0.0,0.0,0.0,-0.0016620796,0.0,0.0,0.0,0.0,0.0,-0.00036145834,0.0,0.0,0.0,0.0,0.0,0.0014833687,0.0,0.0,0.0,0.0,0.0,0.0,0.0,0.0,0.0,0.0,0.0,0.0,0.0,0.0,0.0,0.0,0.0,0.0,0.0,-0.0037893583,0.0,0.0,0.0,0.0,0.0,-0.0045135105,0.0,-0.05971269,0.0,0.0,0.0037484732,-0.0013264427,0.0,0.0,0.0,0.0,0.0,0.0,0.0,0.0,0.0,0.0,0.0,0.0,0.0,0.0,0.0,0.0,0.0,0.0,0.0,-0.0006756629,0.0,-0.0073291603,-0.0100581115,0.0,0.0,0.0,0.0,0.0,0.0,0.0,0.0,0.0,0.0,0.0,0.0,0.0,0.0,0.0,0.0,0.0,0.0,0.0,0.0,0.0,0.0,0.0,0.0,0.0,0.0,0.0009881104,0.0,0.0,0.0,-0.0022279795,0.0,0.0,0.2915082,0.0
-0.020650286,-0.0037940475,0.0,0.0,0.0,0.0,0.0,0.0001478934,0.0,-0.0063993605,0.0,0.00050131336,0.0,0.0,0.0,0.0,0.0,0.0,0.0,0.0,0.0006055948,0.0,0.0,0.0,0.0,0.0,0.0,0.0,0.0,0.0,0.0,0.0,0.0,0.0,0.0,0.0,0.00062497286,0.0,-0.0007206944,0.0,0.0,0.004304638,0.0,0.0,0.0,0.0,0.0,0.0,0.0,0.0,0.0,0.0,0.0,0.0,0.0,-0.003928711,0.0,0.0,0.0,0.00054544024,0.0,0.0,0.0,0.0,0.00050434173,0.0,0.0,0.0,0.0,0.0,0.00028549368,0.0027973615,0.0,0.0,0.0,0.0,0.0,-0.00064898864,0.0,0.0,0.0,0.0,0.0,-0.00036145834,0.0,0.0,0.0,0.0,0.0,0.0056997202,0.0,0.0,0.0,0.0,0.0,0.0,0.0,0.0,0.0,0.0,0.0,0.0,0.0,0.0,0.0,0.0,0.0,0.0,0.0,-0.00076342653,0.0,0.0,0.0,0.0,0.0,0.0006034676,0.0,-0.054831736,0.0,0.0,0.0044449004,-0.00052560616,0.0,0.0,0.0,0.0,0.0,0.0,0.0,0.0,0.0,0.0,0.0,0.0,0.0,0.0,0.0,0.0,0.0,0.0,0.0,-0.001532328,0.0,-0.0010964489,-0.011058764,0.0,0.0,0.0,0.0,0.0,0.0,0.0,0.0,0.0,0.0,0.0,0.0,0.0,0.0,0.0,0.0,0.0,0.0,0.0,0.0,0.0,0.0,0.0,0.0,0.0,0.0,-0.0018170208,0.0,0.0,0.0,-0.0068771644,0.0,0.0,0.2656449,0.0
0.0017244028,-0.00018564095,0.0,0.0,0.0,0.0,0.0,0.00019817476,0.0,-0.012537582,0.0,0.00017989,0.0,0.0,0.0,0.0,0.0,0.0,0.0,0.0,-0.005792587,0.0,0.0,0.0,0.0,0.0,0.0,0.0,0.0,0.0,0.0,0.0,0.0,0.0,0.0,0.0,0.0007517983,0.0,-0.008486858,0.0,0.0,-0.0032805926,0.0,0.0,0.0,0.0,0.0,0.0,0.0,0.0,0.0,0.0,0.0,0.0,0.0,-0.00084539375,0.0,0.0,0.0,0.00053271785,0.0,0.0,0.0,0.0,-0.003395332,0.0,0.0,0.0,0.0,0.0,0.00032533729,0.0033911725,0.0,0.0,0.0,0.0,0.0,-0.0009632037,0.0,0.0,0.0,0.0,0.0,-0.00063473743,0.0,0.0,0.0,0.0,0.0,0.005492033,0.0,0.0,0.0,0.0,0.0,0.0,0.0,0.0,0.0,0.0,0.0,0.0,0.0,0.0,0.0,0.0,0.0,0.0,0.0,0.00058055075,0.0,0.0,0.0,0.0,0.0,-0.011765806,0.0,0.0055526528,0.0,0.0,-0.03722393,-0.0007739896,0.0,0.0,0.0,0.0,0.0,0.0,0.0,0.0,0.0,0.0,0.0,0.0,0.0,0.0,0.0,0.0,0.0,0.0,0.0,-0.008365089,0.0,-0.0024586422,-0.0026805915,0.0,0.0,0.0,0.0,0.0,0.0,0.0,0.0,0.0,0.0,0.0,0.0,0.0,0.0,0.0,0.0,0.0,0.0,0.0,0.0,0.0,0.0,0.0,0.0,0.0,0.0,0.0019199853,0.0,0.0,0.0,-0.006195342,0.0,0.0,0.142316,1.0
0.0034848335,-0.00018564095,0.0,0.0,0.0,0.0,0.0,-0.0012042854,0.0,-0.009682664,0.0,0.00055906933,0.0,0.0,0.0,0.0,0.0,0.0,0.0,0.0,0.0004808738,0.0,0.0,0.0,0.0,0.0,0.0,0.0,0.0,0.0,0.0,0.0,0.0,0.0,0.0,0.0,-0.000328054,0.0,-0.0007498248,0.0,0.0,0.0037831364,0.0,0.0,0.0,0.0,0.0,0.0,0.0,0.0,0.0,0.0,0.0,0.0,0.0,-0.00064287806,0.0,0.0,0.0,0.001057412,0.0,0.0,0.0,0.0,0.000519827,0.0,0.0,0.0,0.0,0.0,0.0002841476,-0.062996894,0.0,0.0,0.0,0.0,0.0,-0.0020285838,0.0,0.0,0.0,0.0,0.0,-0.00712193,0.0,0.0,0.0,0.0,0.0,-0.0015851336,0.0,0.0,0.0,0.0,0.0,0.0,0.0,0.0,0.0,0.0,0.0,0.0,0.0,0.0,0.0,0.0,0.0,0.0,0.0,0.00030489074,0.0,0.0,0.0,0.0,0.0,0.0009957323,0.0,-0.011182774,0.0,0.0,0.005765831,-0.0028703648,0.0,0.0,0.0,0.0,0.0,0.0,0.0,0.0,0.0,0.0,0.0,0.0,0.0,0.0,0.0,0.0,0.0,0.0,0.0,-0.0015964215,0.0,-0.0009735323,0.00265446,0.0,0.0,0.0,0.0,0.0,0.0,0.0,0.0,0.0,0.0,0.0,0.0,0.0,0.0,0.0,0.0,0.0,0.0,0.0,0.0,0.0,0.0,0.0,0.0,0.0,0.0,-0.0018081472,0.0,0.0,0.0,-0.0073203356,0.0,0.0,0.14447178,0.0
-0.005708031,-0.0005126418,0.0,0.0,0.0,0.0,0.0,-0.00090368197,0.0,0.017146185,0.0,0.00018858703,0.0,0.0,0.0,0.0,0.0,0.0,0.0,0.0,-0.003308233,0.0,0.0,0.0,0.0,0.0,0.0,0.0,0.0,0.0,0.0,0.0,0.0,0.0,0.0,0.0,0.00053228496,0.0,-0.0020837209,0.0,0.0,0.0015616877,0.0,0.0,0.0,0.0,0.0,0.0,0.0,0.0,0.0,0.0,0.0,0.0,0.0,-0.0009041742,0.0,0.0,0.0,0.0003309642,0.0,0.0,0.0,0.0,-0.0014803335,0.0,0.0,0.0,0.0,0.0,-0.0715695,0.0014848106,0.0,0.0,0.0,0.0,0.0,-0.0014896377,0.0,0.0,0.0,0.0,0.0,-0.000322905,0.0,0.0,0.0,0.0,0.0,0.0023331884,0.0,0.0,0.0,0.0,0.0,0.0,0.0,0.0,0.0,0.0,0.0,0.0,0.0,0.0,0.0,0.0,0.0,0.0,0.0,-0.0003638039,0.0,0.0,0.0,0.0,0.0,0.003937535,0.0,0.010541913,0.0,0.0,-0.011186782,-0.0016393978,0.0,0.0,0.0,0.0,0.0,0.0,0.0,0.0,0.0,0.0,0.0,0.0,0.0,0.0,0.0,0.0,0.0,0.0,0.0,-0.0026321607,0.0,-0.0004989258,-0.0028509358,0.0,0.0,0.0,0.0,0.0,0.0,0.0,0.0,0.0,0.0,0.0,0.0,0.0,0.0,0.0,0.0,0.0,0.0,0.0,0.0,0.0,0.0,0.0,0.0,0.0,0.0,0.0050141653,0.0,0.0,0.0,0.0036629767,0.0,0.0,0.27228436,0.0
0.0020450559,-0.00018564095,0.0,0.0,0.0,0.0,0.0,0.00019817476,0.0,-0.019286195,0.0,0.00027695112,0.0,0.0,0.0,0.0,0.0,0.0,0.0,0.0,-0.005792587,0.0,0.0,0.0,0.0,0.0,0.0,0.0,0.0,0.0,0.0,0.0,0.0,0.0,0.0,0.0,0.0008320593,0.0,0.0031790922,0.0,0.0,-0.0066468418,0.0,0.0,0.0,0.0,0.0,0.0,0.0,0.0,0.0,0.0,0.0,0.0,0.0,0.0008149933,0.0,0.0,0.0,-0.011153344,0.0,0.0,0.0,0.0,0.000519827,0.0,0.0,0.0,0.0,0.0,0.0002906361,-0.021359902,0.0,0.0,0.0,0.0,0.0,-0.0009632037,0.0,0.0,0.0,0.0,0.0,-0.00712193,0.0,0.0,0.0,0.0,0.0,-0.0062347474,0.0,0.0,0.0,0.0,0.0,0.0,0.0,0.0,0.0,0.0,0.0,0.0,0.0,0.0,0.0,0.0,0.0,0.0,0.0,-0.00093455415,0.0,0.0,0.0,0.0,0.0,-0.009584165,0.0,0.00047408594,0.0,0.0,-0.0010014027,-0.0007739896,0.0,0.0,0.0,0.0,0.0,0.0,0.0,0.0,0.0,0.0,0.0,0.0,0.0,0.0,0.0,0.0,0.0,0.0,0.0,-0.0011769002,0.0,-0.0014052948,0.00086725905,0.0,0.0,0.0,0.0,0.0,0.0,0.0,0.0,0.0,0.0,0.0,0.0,0.0,0.0,0.0,0.0,0.0,0.0,0.0,0.0,0.0,0.0,0.0,0.0,0.0,0.0,-0.0018509467,0.0,0.0,0.0,-0.0064137243,0.0,0.0,0.29002672,1.0
-0.0055200965,-0.0005126418,0.0,0.0,0.0,0.0,0.0,-0.0010213109,0.0,-0.022022707,0.0,0.00018858703,0.0,0.0,0.0,0.0,0.0,0.0,0.0,0.0,0.00065959356,0.0,0.0,0.0,0.0,0.0,0.0,0.0,0.0,0.0,0.0,0.0,0.0,0.0,0.0,0.0,-0.001044349,0.0,-0.00132788,0.0,0.0,0.0015616877,0.0,0.0,0.0,0.0,0.0,0.0,0.0,0.0,0.0,0.0,0.0,0.0,0.0,-0.0009041742,0.0,0.0,0.0,0.0010019778,0.0,0.0,0.0,0.0,-0.0010376694,0.0,0.0,0.0,0.0,0.0,0.0005644697,0.0076617748,0.0,0.0,0.0,0.0,0.0,0.0015218803,0.0,0.0,0.0,0.0,0.0,-0.00063473743,0.0,0.0,0.0,0.0,0.0,0.020634618,0.0,0.0,0.0,0.0,0.0,0.0,0.0,0.0,0.0,0.0,0.0,0.0,0.0,0.0,0.0,0.0,0.0,0.0,0.0,-0.0003638039,0.0,0.0,0.0,0.0,0.0,0.0022362345,0.0,0.016608622,0.0,0.0,0.014431651,-0.00055758696,0.0,0.0,0.0,0.0,0.0,0.0,0.0,0.0,0.0,0.0,0.0,0.0,0.0,0.0,0.0,0.0,0.0,0.0,0.0,-0.001761717,0.0,-0.0004989258,-0.0028509358,0.0,0.0,0.0,0.0,0.0,0.0,0.0,0.0,0.0,0.0,0.0,0.0,0.0,0.0,0.0,0.0,0.0,0.0,0.0,0.0,0.0,0.0,0.0,0.0,0.0,0.0,0.00327445,0.0,0.0,0.0,-0.017171733,0.0,0.0,0.37715003,0.0
0.001536745,-0.00018564095,0.0,0.0,0.0,0.0,0.0,0.0018142101,0.0,-0.011500687,0.0,-0.0020332136,0.0,0.0,0.0,0.0,0.0,0.0,0.0,0.0,-0.00089792884,0.0,0.0,0.0,0.0,0.0,0.0,0.0,0.0,0.0,0.0,0.0,0.0,0.0,0.0,0.0,0.00026113584,0.0,0.035982415,0.0,0.0,-0.0029118415,0.0,0.0,0.0,0.0,0.0,0.0,0.0,0.0,0.0,0.0,0.0,0.0,0.0,-0.00084539375,0.0,0.0,0.0,0.00097043416,0.0,0.0,0.0,0.0,0.0024715308,0.0,0.0,0.0,0.0,0.0,0.0002841476,0.008301334,0.0,0.0,0.0,0.0,0.0,0.007331174,0.0,0.0,0.0,0.0,0.0,-0.00063473743,0.0,0.0,0.0,0.0,0.0,0.0014487694,0.0,0.0,0.0,0.0,0.0,0.0,0.0,0.0,0.0,0.0,0.0,0.0,0.0,0.0,0.0,0.0,0.0,0.0,0.0,-0.00093455415,0.0,0.0,0.0,0.0,0.0,0.0011518314,0.0,0.017100153,0.0,0.0,-0.018481333,-0.0013556409,0.0,0.0,0.0,0.0,0.0,0.0,0.0,0.0,0.0,0.0,0.0,0.0,0.0,0.0,0.0,0.0,0.0,0.0,0.0,-0.009917644,0.0,-0.0014052948,-0.0018771446,0.0,0.0,0.0,0.0,0.0,0.0,0.0,0.0,0.0,0.0,0.0,0.0,0.0,0.0,0.0,0.0,0.0,0.0,0.0,0.0,0.0,0.0,0.0,0.0,0.0,0.0,-0.0018081472,0.0,0.0,0.0,-0.0027598455,0.0,0.0,0.23461561,0.0
0.0021910586,-0.00018564095,0.0,0.0,0.0,0.0,0.0,0.00038039606,0.0,0.005903242,0.0,0.00027695112,0.0,0.0,0.0,0.0,0.0,0.0,0.0,0.0,-0.033890076,0.0,0.0,0.0,0.0,0.0,0.0,0.0,0.0,0.0,0.0,0.0,0.0,0.0,0.0,0.0,0.0021271291,0.0,0.0042206473,0.0,0.0,-0.0057760505,0.0,0.0,0.0,0.0,0.0,0.0,0.0,0.0,0.0,0.0,0.0,0.0,0.0,-0.00040377333,0.0,0.0,0.0,0.0003309642,0.0,0.0,0.0,0.0,-0.0053110383,0.0,0.0,0.0,0.0,0.0,0.00080846285,0.0019760833,0.0,0.0,0.0,0.0,0.0,-0.002423259,0.0,0.0,0.0,0.0,0.0,-0.000322905,0.0,0.0,0.0,0.0,0.0,-0.0023967493,0.0,0.0,0.0,0.0,0.0,0.0,0.0,0.0,0.0,0.0,0.0,0.0,0.0,0.0,0.0,0.0,0.0,0.0,0.0,0.00058055075,0.0,0.0,0.0,0.0,0.0,-0.058592603,0.0,0.007326311,0.0,0.0,-0.0012734036,-0.0019155937,0.0,0.0,0.0,0.0,0.0,0.0,0.0,0.0,0.0,0.0,0.0,0.0,0.0,0.0,0.0,0.0,0.0,0.0,0.0,0.0022221464,0.0,-0.0024586422,0.0013033542,0.0,0.0,0.0,0.0,0.0,0.0,0.0,0.0,0.0,0.0,0.0,0.0,0.0,0.0,0.0,0.0,0.0,0.0,0.0,0.0,0.0,0.0,0.0,0.0,0.0,0.0,0.004656446,0.0,0.0,0.0,-7.45842e-05,0.0,0.0,0.42444435,1.0
0.0019417485,-0.00018564095,0.0,0.0,0.0,0.0,0.0,0.00038039606,0.0,0.017992916,0.0,0.00020520632,0.0,0.0,0.0,0.0,0.0,0.0,0.0,0.0,-0.002004133,0.0,0.0,0.0,0.0,0.0,0.0,0.0,0.0,0.0,0.0,0.0,0.0,0.0,0.0,0.0,-0.004538291,0.0,-0.00043352967,0.0,0.0,0.0019336776,0.0,0.0,0.0,0.0,0.0,0.0,0.0,0.0,0.0,0.0,0.0,0.0,0.0,-0.001865376,0.0,0.0,0.0,0.0008853866,0.0,0.0,0.0,0.0,0.0010415132,0.0,0.0,0.0,0.0,0.0,0.0024467134,0.0029047006,0.0,0.0,0.0,0.0,0.0,-0.002423259,0.0,0.0,0.0,0.0,0.0,-0.000322905,0.0,0.0,0.0,0.0,0.0,-0.0013892627,0.0,0.0,0.0,0.0,0.0,0.0,0.0,0.0,0.0,0.0,0.0,0.0,0.0,0.0,0.0,0.0,0.0,0.0,0.0,-0.00049080444,0.0,0.0,0.0,0.0,0.0,0.014157539,0.0,0.021862792,0.0,0.0,0.0017853027,-0.0019155937,0.0,0.0,0.0,0.0,0.0,0.0,0.0,0.0,0.0,0.0,0.0,0.0,0.0,0.0,0.0,0.0,0.0,0.0,0.0,0.0032959848,0.0,-0.00068881933,-0.003324401,0.0,0.0,0.0,0.0,0.0,0.0,0.0,0.0,0.0,0.0,0.0,0.0,0.0,0.0,0.0,0.0,0.0,0.0,0.0,0.0,0.0,0.0,0.0,0.0,0.0,0.0,0.013648662,0.0,0.0,0.0,0.023285944,0.0,0.0,0.28036085,0.0
0.0033770946,-0.00018564095,0.0,0.0,0.0,0.0,0.0,-0.00057566224,0.0,0.017726092,0.0,-0.0032548124,0.0,0.0,0.0,0.0,0.0,0.0,0.0,0.0,-0.003308233,0.0,0.0,0.0,0.0,0.0,0.0,0.0,0.0,0.0,0.0,0.0,0.0,0.0,0.0,0.0,0.00054240547,0.0,-0.00065685436,0.0,0.0,0.0023123936,0.0,0.0,0.0,0.0,0.0,0.0,0.0,0.0,0.0,0.0,0.0,0.0,0.0,0.0037651546,0.0,0.0,0.0,0.0004972898,0.0,0.0,0.0,0.0,-0.0006446778,0.0,0.0,0.0,0.0,0.0,-0.0715695,0.0016802796,0.0,0.0,0.0,0.0,0.0,-0.0008851819,0.0,0.0,0.0,0.0,0.0,-0.000322905,0.0,0.0,0.0,0.0,0.0,-0.005071842,0.0,0.0,0.0,0.0,0.0,0.0,0.0,0.0,0.0,0.0,0.0,0.0,0.0,0.0,0.0,0.0,0.0,0.0,0.0,-0.0009944733,0.0,0.0,0.0,0.0,0.0,0.003937535,0.0,-0.0017495406,0.0,0.0,0.0028621673,0.0063657486,0.0,0.0,0.0,0.0,0.0,0.0,0.0,0.0,0.0,0.0,0.0,0.0,0.0,0.0,0.0,0.0,0.0,0.0,0.0,-0.0009889496,0.0,0.0012867005,-0.00073248014,0.0,0.0,0.0,0.0,0.0,0.0,0.0,0.0,0.0,0.0,0.0,0.0,0.0,0.0,0.0,0.0,0.0,0.0,0.0,0.0,0.0,0.0,0.0,0.0,0.0,0.0,0.0050141653,0.0,0.0,0.0,-0.019146835,0.0,0.0,0.36046702,0.0
0.00649873,-0.00059347774,0.0,0.0,0.0,0.0,0.0,0.00024357099,0.0,0.01584397,0.0,-0.012313423,0.0,0.0,0.0,0.0,0.0,0.0,0.0,0.0,-0.0017183399,0.0,0.0,0.0,0.0,0.0,0.0,0.0,0.0,0.0,0.0,0.0,0.0,0.0,0.0,0.0,0.00069785095,0.0,-0.00066453207,0.0,0.0,0.0053150835,0.0,0.0,0.0,0.0,0.0,0.0,0.0,0.0,0.0,0.0,0.0,0.0,0.0,-0.016648136,0.0,0.0,0.0,0.00020215867,0.0,0.0,0.0,0.0,0.0004918369,0.0,0.0,0.0,0.0,0.0,0.0006608338,-0.0073822797,0.0,0.0,0.0,0.0,0.0,-0.0012468909,0.0,0.0,0.0,0.0,0.0,-0.00080883945,0.0,0.0,0.0,0.0,0.0,0.0010332194,0.0,0.0,0.0,0.0,0.0,0.0,0.0,0.0,0.0,0.0,0.0,0.0,0.0,0.0,0.0,0.0,0.0,0.0,0.0,0.0007842351,0.0,0.0,0.0,0.0,0.0,0.0029553664,0.0,-0.048975553,0.0,0.0,-0.0040657977,-0.000998241,0.0,0.0,0.0,0.0,0.0,0.0,0.0,0.0,0.0,0.0,0.0,0.0,0.0,0.0,0.0,0.0,0.0,0.0,0.0,-0.0014011189,0.0,-0.0035559854,-0.01606282,0.0,0.0,0.0,0.0,0.0,0.0,0.0,0.0,0.0,0.0,0.0,0.0,0.0,0.0,0.0,0.0,0.0,0.0,0.0,0.0,0.0,0.0,0.0,0.0,0.0,0.0,-0.004366237,0.0,0.0,0.0,0.0020209132,0.0,0.0,0.30302104,0.0
-0.004688501,-0.0005126418,0.0,0.0,0.0,0.0,0.0,0.00042991072,0.0,-0.022448443,0.0,0.00014749842,0.0,0.0,0.0,0.0,0.0,0.0,0.0,0.0,-0.0009818572,0.0,0.0,0.0,0.0,0.0,0.0,0.0,0.0,0.0,0.0,0.0,0.0,0.0,0.0,0.0,-0.0027801811,0.0,-0.00132788,0.0,0.0,0.0013046607,0.0,0.0,0.0,0.0,0.0,0.0,0.0,0.0,0.0,0.0,0.0,0.0,0.0,-0.0009041742,0.0,0.0,0.0,0.0010019778,0.0,0.0,0.0,0.0,-0.0010376694,0.0,0.0,0.0,0.0,0.0,0.0005644697,0.0076617748,0.0,0.0,0.0,0.0,0.0,0.0020544482,0.0,0.0,0.0,0.0,0.0,-0.00063473743,0.0,0.0,0.0,0.0,0.0,0.020634618,0.0,0.0,0.0,0.0,0.0,0.0,0.0,0.0,0.0,0.0,0.0,0.0,0.0,0.0,0.0,0.0,0.0,0.0,0.0,-0.0003638039,0.0,0.0,0.0,0.0,0.0,0.0029299655,0.0,0.0174631,0.0,0.0,0.014431651,-0.00042563095,0.0,0.0,0.0,0.0,0.0,0.0,0.0,0.0,0.0,0.0,0.0,0.0,0.0,0.0,0.0,0.0,0.0,0.0,0.0,-0.001761717,0.0,-0.0004989258,-0.00201934,0.0,0.0,0.0,0.0,0.0,0.0,0.0,0.0,0.0,0.0,0.0,0.0,0.0,0.0,0.0,0.0,0.0,0.0,0.0,0.0,0.0,0.0,0.0,0.0,0.0,0.0,0.00327445,0.0,0.0,0.0,-0.018397748,0.0,0.0,0.40634343,0.0
-0.0032208443,0.005673619,0.0,0.0,0.0,0.0,0.0,-0.0010213109,0.0,-0.025376368,0.0,-0.0033270966,0.0,0.0,0.0,0.0,0.0,0.0,0.0,0.0,-0.0013307615,0.0,0.0,0.0,0.0,0.0,0.0,0.0,0.0,0.0,0.0,0.0,0.0,0.0,0.0,0.0,0.0003649156,0.0,-0.0006978067,0.0,0.0,0.0012702054,0.0,0.0,0.0,0.0,0.0,0.0,0.0,0.0,0.0,0.0,0.0,0.0,0.0,-0.00042312307,0.0,0.0,0.0,0.0010019778,0.0,0.0,0.0,0.0,-0.0032555996,0.0,0.0,0.0,0.0,0.0,0.00048274582,0.004138674,0.0,0.0,0.0,0.0,0.0,0.0015218803,0.0,0.0,0.0,0.0,0.0,-0.00063473743,0.0,0.0,0.0,0.0,0.0,-0.021196745,0.0,0.0,0.0,0.0,0.0,0.0,0.0,0.0,0.0,0.0,0.0,0.0,0.0,0.0,0.0,0.0,0.0,0.0,0.0,-0.00062464946,0.0,0.0,0.0,0.0,0.0,0.002102475,0.0,-0.00025041372,0.0,0.0,-0.00035674236,-0.0006657905,0.0,0.0,0.0,0.0,0.0,0.0,0.0,0.0,0.0,0.0,0.0,0.0,0.0,0.0,0.0,0.0,0.0,0.0,0.0,0.0041703163,0.0,0.0009319831,0.00096043514,0.0,0.0,0.0,0.0,0.0,0.0,0.0,0.0,0.0,0.0,0.0,0.0,0.0,0.0,0.0,0.0,0.0,0.0,0.0,0.0,0.0,0.0,0.0,0.0,0.0,0.0,-0.0031567083,0.0,0.0,0.0,-0.04603639,0.0,0.0,0.50363034,0.0
-0.0050069387,-0.0005126418,0.0,0.0,0.0,0.0,0.0,-0.0043099,0.0,0.006845263,0.0,0.00014749842,0.0,0.0,0.0,0.0,0.0,0.0,0.0,0.0,-0.0007158185,0.0,0.0,0.0,0.0,0.0,0.0,0.0,0.0,0.0,0.0,0.0,0.0,0.0,0.0,0.0,-0.0025909739,0.0,-0.00132788,0.0,0.0,0.0013046607,0.0,0.0,0.0,0.0,0.0,0.0,0.0,0.0,0.0,0.0,0.0,0.0,0.0,-0.0009041742,0.0,0.0,0.0,0.0029408445,0.0,0.0,0.0,0.0,-0.0010376694,0.0,0.0,0.0,0.0,0.0,0.0002841476,0.009250303,0.0,0.0,0.0,0.0,0.0,0.0043268315,0.0,0.0,0.0,0.0,0.0,-0.00063473743,0.0,0.0,0.0,0.0,0.0,-0.0027991934,0.0,0.0,0.0,0.0,0.0,0.0,0.0,0.0,0.0,0.0,0.0,0.0,0.0,0.0,0.0,0.0,0.0,0.0,0.0,-0.0003638039,0.0,0.0,0.0,0.0,0.0,0.0013339417,0.0,0.018533424,0.0,0.0,0.018060576,-0.0016152969,0.0,0.0,0.0,0.0,0.0,0.0,0.0,0.0,0.0,0.0,0.0,0.0,0.0,0.0,0.0,0.0,0.0,0.0,0.0,-0.001761717,0.0,-0.0004989258,-0.00201934,0.0,0.0,0.0,0.0,0.0,0.0,0.0,0.0,0.0,0.0,0.0,0.0,0.0,0.0,0.0,0.0,0.0,0.0,0.0,0.0,0.0,0.0,0.0,0.0,0.0,0.0,-0.0018081472,0.0,0.0,0.0,0.0053263437,0.0,0.0,0.23171982,1.0
-0.003501963,-0.0005126418,0.0,0.0,0.0,0.0,0.0,-0.0043099,0.0,0.0074845883,0.0,0.00013292987,0.0,0.0,0.0,0.0,0.0,0.0,0.0,0.0,-0.00089792884,0.0,0.0,0.0,0.0,0.0,0.0,0.0,0.0,0.0,0.0,0.0,0.0,0.0,0.0,0.0,0.00025559787,0.0,-0.00132788,0.0,0.0,-0.002384367,0.0,0.0,0.0,0.0,0.0,0.0,0.0,0.0,0.0,0.0,0.0,0.0,0.0,-0.0005280041,0.0,0.0,0.0,0.0029408445,0.0,0.0,0.0,0.0,0.0007553407,0.0,0.0,0.0,0.0,0.0,0.0002841476,0.0096312165,0.0,0.0,0.0,0.0,0.0,0.0043268315,0.0,0.0,0.0,0.0,0.0,-0.00063473743,0.0,0.0,0.0,0.0,0.0,0.00272496,0.0,0.0,0.0,0.0,0.0,0.0,0.0,0.0,0.0,0.0,0.0,0.0,0.0,0.0,0.0,0.0,0.0,0.0,0.0,-0.0005936178,0.0,0.0,0.0,0.0,0.0,0.0011518314,0.0,0.020085001,0.0,0.0,0.017645214,-0.0021989762,0.0,0.0,0.0,0.0,0.0,0.0,0.0,0.0,0.0,0.0,0.0,0.0,0.0,0.0,0.0,0.0,0.0,0.0,0.0,-0.0028998791,0.0,-0.00084254786,-0.0017608068,0.0,0.0,0.0,0.0,0.0,0.0,0.0,0.0,0.0,0.0,0.0,0.0,0.0,0.0,0.0,0.0,0.0,0.0,0.0,0.0,0.0,0.0,0.0,0.0,0.0,0.0,-0.0018081472,0.0,0.0,0.0,-0.002770428,0.0,0.0,0.20828013,1.0
0.0038505264,-0.00018564095,0.0,0.0,0.0,0.0,0.0,0.0015348857,0.0,-0.019348823,0.0,0.00055906933,0.0,0.0,0.0,0.0,0.0,0.0,0.0,0.0,0.0056896564,0.0,0.0,0.0,0.0,0.0,0.0,0.0,0.0,0.0,0.0,0.0,0.0,0.0,0.0,0.0,0.0026541362,0.0,-0.00065685436,0.0,0.0,0.00406785,0.0,0.0,0.0,0.0,0.0,0.0,0.0,0.0,0.0,0.0,0.0,0.0,0.0,-0.00064287806,0.0,0.0,0.0,0.0008853866,0.0,0.0,0.0,0.0,-0.0006446778,0.0,0.0,0.0,0.0,0.0,0.00041771802,0.0027884392,0.0,0.0,0.0,0.0,0.0,-0.019625971,0.0,0.0,0.0,0.0,0.0,-0.000322905,0.0,0.0,0.0,0.0,0.0,0.0013524202,0.0,0.0,0.0,0.0,0.0,0.0,0.0,0.0,0.0,0.0,0.0,0.0,0.0,0.0,0.0,0.0,0.0,0.0,0.0,-0.00049080444,0.0,0.0,0.0,0.0,0.0,-0.0073907133,0.0,-0.006302644,0.0,0.0,0.0054604984,-0.015148419,0.0,0.0,0.0,0.0,0.0,0.0,0.0,0.0,0.0,0.0,0.0,0.0,0.0,0.0,0.0,0.0,0.0,0.0,0.0,-0.0009889496,0.0,-0.00068881933,0.00265446,0.0,0.0,0.0,0.0,0.0,0.0,0.0,0.0,0.0,0.0,0.0,0.0,0.0,0.0,0.0,0.0,0.0,0.0,0.0,0.0,0.0,0.0,0.0,0.0,0.0,0.0,0.0024529418,0.0,0.0,0.0,-0.052650444,0.0,0.0,0.34960243,0.0
-0.016381204,-0.0037940475,0.0,0.0,0.0,0.0,0.0,0.00024357099,0.0,0.00061316893,0.0,-0.0056661125,0.0,0.0,0.0,0.0,0.0,0.0,0.0,0.0,-0.0017183399,0.0,0.0,0.0,0.0,0.0,0.0,0.0,0.0,0.0,0.0,0.0,0.0,0.0,0.0,0.0,0.00050545443,0.0,0.0018832355,0.0,0.0,0.002651121,0.0,0.0,0.0,0.0,0.0,0.0,0.0,0.0,0.0,0.0,0.0,0.0,0.0,-0.003928711,0.0,0.0,0.0,0.00033688548,0.0,0.0,0.0,0.0,-0.00048419094,0.0,0.0,0.0,0.0,0.0,-0.019330233,0.001444485,0.0,0.0,0.0,0.0,0.0,-0.0012468909,0.0,0.0,0.0,0.0,0.0,-0.00022556304,0.0,0.0,0.0,0.0,0.0,0.002397601,0.0,0.0,0.0,0.0,0.0,0.0,0.0,0.0,0.0,0.0,0.0,0.0,0.0,0.0,0.0,0.0,0.0,0.0,0.0,0.00047424523,0.0,0.0,0.0,0.0,0.0,0.0013751566,0.0,-0.04104002,0.0,0.0,0.0015841019,-0.0008447811,0.0,0.0,0.0,0.0,0.0,0.0,0.0,0.0,0.0,0.0,0.0,0.0,0.0,0.0,0.0,0.0,0.0,0.0,0.0,-0.00052737695,0.0,-0.0016758131,-0.005877134,0.0,0.0,0.0,0.0,0.0,0.0,0.0,0.0,0.0,0.0,0.0,0.0,0.0,0.0,0.0,0.0,0.0,0.0,0.0,0.0,0.0,0.0,0.0,0.0,0.0,0.0,-0.0025095036,0.0,0.0,0.0,-0.0022000216,0.0,0.0,0.14556855,0.0
-0.015871884,-0.0037940475,0.0,0.0,0.0,0.0,0.0,-0.0007364713,0.0,-0.0064286855,0.0,-0.0056661125,0.0,0.0,0.0,0.0,0.0,0.0,0.0,0.0,0.0011015432,0.0,0.0,0.0,0.0,0.0,0.0,0.0,0.0,0.0,0.0,0.0,0.0,0.0,0.0,0.0,0.00065579975,0.0,-0.0012035794,0.0,0.0,0.003230485,0.0,0.0,0.0,0.0,0.0,0.0,0.0,0.0,0.0,0.0,0.0,0.0,0.0,-0.003928711,0.0,0.0,0.0,0.0003666,0.0,0.0,0.0,0.0,-0.0010454963,0.0,0.0,0.0,0.0,0.0,0.00015350868,-0.013265549,0.0,0.0,0.0,0.0,0.0,-0.0011486325,0.0,0.0,0.0,0.0,0.0,-0.0019989568,0.0,0.0,0.0,0.0,0.0,-0.00075489574,0.0,0.0,0.0,0.0,0.0,0.0,0.0,0.0,0.0,0.0,0.0,0.0,0.0,0.0,0.0,0.0,0.0,0.0,0.0,-0.00076342653,0.0,0.0,0.0,0.0,0.0,-0.0021958142,0.0,-0.016202705,0.0,0.0,-0.008405751,-0.001184462,0.0,0.0,0.0,0.0,0.0,0.0,0.0,0.0,0.0,0.0,0.0,0.0,0.0,0.0,0.0,0.0,0.0,0.0,0.0,-0.0016906712,0.0,-0.0010964489,-0.005877134,0.0,0.0,0.0,0.0,0.0,0.0,0.0,0.0,0.0,0.0,0.0,0.0,0.0,0.0,0.0,0.0,0.0,0.0,0.0,0.0,0.0,0.0,0.0,0.0,0.0,0.0,-0.0009525801,0.0,0.0,0.0,-0.005236832,0.0,0.0,0.14762709,0.0
0.0062690917,-0.00059347774,0.0,0.0,0.0,0.0,0.0,-0.00057863566,0.0,0.005939276,0.0,-0.012313423,0.0,0.0,0.0,0.0,0.0,0.0,0.0,0.0,-0.008544453,0.0,0.0,0.0,0.0,0.0,0.0,0.0,0.0,0.0,0.0,0.0,0.0,0.0,0.0,0.0,0.0012795273,0.0,-0.00044418237,0.0,0.0,0.006936373,0.0,0.0,0.0,0.0,0.0,0.0,0.0,0.0,0.0,0.0,0.0,0.0,0.0,-0.016648136,0.0,0.0,0.0,0.00033688548,0.0,0.0,0.0,0.0,0.0003524524,0.0,0.0,0.0,0.0,0.0,0.00037047837,0.001165336,0.0,0.0,0.0,0.0,0.0,-0.00089013786,0.0,0.0,0.0,0.0,0.0,-0.00022556304,0.0,0.0,0.0,0.0,0.0,-0.0024629168,0.0,0.0,0.0,0.0,0.0,0.0,0.0,0.0,0.0,0.0,0.0,0.0,0.0,0.0,0.0,0.0,0.0,0.0,0.0,-0.0012624393,0.0,0.0,0.0,0.0,0.0,-0.01347208,0.0,-0.024506787,0.0,0.0,0.0016865454,-0.0010544227,0.0,0.0,0.0,0.0,0.0,0.0,0.0,0.0,0.0,0.0,0.0,0.0,0.0,0.0,0.0,0.0,0.0,0.0,0.0,-0.0009260919,0.0,-0.001934696,-0.01606282,0.0,0.0,0.0,0.0,0.0,0.0,0.0,0.0,0.0,0.0,0.0,0.0,0.0,0.0,0.0,0.0,0.0,0.0,0.0,0.0,0.0,0.0,0.0,0.0,0.0,0.0,-0.0023776856,0.0,0.0,0.0,-0.004091921,0.0,0.0,0.27666456,1.0
0.0021207875,-0.00018564095,0.0,0.0,0.0,0.0,0.0,0.00057037966,0.0,0.021277456,0.0,0.00017989,0.0,0.0,0.0,0.0,0.0,0.0,0.0,0.0,0.022766735,0.0,0.0,0.0,0.0,0.0,0.0,0.0,0.0,0.0,0.0,0.0,0.0,0.0,0.0,0.0,0.009435711,0.0,-0.0009954872,0.0,0.0,-0.0037152886,0.0,0.0,0.0,0.0,0.0,0.0,0.0,0.0,0.0,0.0,0.0,0.0,0.0,-0.00084539375,0.0,0.0,0.0,0.0003309642,0.0,0.0,0.0,0.0,0.0038660131,0.0,0.0,0.0,0.0,0.0,0.00080846285,0.0023690388,0.0,0.0,0.0,0.0,0.0,0.0026419698,0.0,0.0,0.0,0.0,0.0,-0.000322905,0.0,0.0,0.0,0.0,0.0,-0.0023967493,0.0,0.0,0.0,0.0,0.0,0.0,0.0,0.0,0.0,0.0,0.0,0.0,0.0,0.0,0.0,0.0,0.0,0.0,0.0,-0.00093455415,0.0,0.0,0.0,0.0,0.0,-0.01666424,0.0,0.02241568,0.0,0.0,0.0014362616,0.0031977438,0.0,0.0,0.0,0.0,0.0,0.0,0.0,0.0,0.0,0.0,0.0,0.0,0.0,0.0,0.0,0.0,0.0,0.0,0.0,0.01088419,0.0,-0.0014052948,-0.0026805915,0.0,0.0,0.0,0.0,0.0,0.0,0.0,0.0,0.0,0.0,0.0,0.0,0.0,0.0,0.0,0.0,0.0,0.0,0.0,0.0,0.0,0.0,0.0,0.0,0.0,0.0,0.004656446,0.0,0.0,0.0,-0.005828025,0.0,0.0,0.21438414,1.0
0.001536745,-0.00018564095,0.0,0.0,0.0,0.0,0.0,-0.0012042854,0.0,0.019184472,0.0,-0.0020332136,0.0,0.0,0.0,0.0,0.0,0.0,0.0,0.0,-0.0027274624,0.0,0.0,0.0,0.0,0.0,0.0,0.0,0.0,0.0,0.0,0.0,0.0,0.0,0.0,0.0,0.00047364214,0.0,-0.00132788,0.0,0.0,-0.0029118415,0.0,0.0,0.0,0.0,0.0,0.0,0.0,0.0,0.0,0.0,0.0,0.0,0.0,-0.00084539375,0.0,0.0,0.0,0.0029408445,0.0,0.0,0.0,0.0,0.0007553407,0.0,0.0,0.0,0.0,0.0,0.00020144705,0.0096312165,0.0,0.0,0.0,0.0,0.0,-0.0020285838,0.0,0.0,0.0,0.0,0.0,-0.00063473743,0.0,0.0,0.0,0.0,0.0,0.00272496,0.0,0.0,0.0,0.0,0.0,0.0,0.0,0.0,0.0,0.0,0.0,0.0,0.0,0.0,0.0,0.0,0.0,0.0,0.0,-0.00093455415,0.0,0.0,0.0,0.0,0.0,-0.0052506397,0.0,0.017637521,0.0,0.0,0.017645214,-0.0028703648,0.0,0.0,0.0,0.0,0.0,0.0,0.0,0.0,0.0,0.0,0.0,0.0,0.0,0.0,0.0,0.0,0.0,0.0,0.0,-0.0028998791,0.0,-0.0014052948,-0.0018771446,0.0,0.0,0.0,0.0,0.0,0.0,0.0,0.0,0.0,0.0,0.0,0.0,0.0,0.0,0.0,0.0,0.0,0.0,0.0,0.0,0.0,0.0,0.0,0.0,0.0,0.0,-0.0012626421,0.0,0.0,0.0,-0.0018851715,0.0,0.0,0.51895595,0.0
-0.0065276027,-0.0005126418,0.0,0.0,0.0,0.0,0.0,-0.00090368197,0.0,0.04035482,0.0,0.00014749842,0.0,0.0,0.0,0.0,0.0,0.0,0.0,0.0,-0.002004133,0.0,0.0,0.0,0.0,0.0,0.0,0.0,0.0,0.0,0.0,0.0,0.0,0.0,0.0,0.0,-0.0034592715,0.0,-0.0020837209,0.0,0.0,0.0016065745,0.0,0.0,0.0,0.0,0.0,0.0,0.0,0.0,0.0,0.0,0.0,0.0,0.0,0.0018250239,0.0,0.0,0.0,0.0003309642,0.0,0.0,0.0,0.0,0.0010775649,0.0,0.0,0.0,0.0,0.0,0.0018861255,0.001379951,0.0,0.0,0.0,0.0,0.0,-0.0014896377,0.0,0.0,0.0,0.0,0.0,-0.000322905,0.0,0.0,0.0,0.0,0.0,-0.0023967493,0.0,0.0,0.0,0.0,0.0,0.0,0.0,0.0,0.0,0.0,0.0,0.0,0.0,0.0,0.0,0.0,0.0,0.0,0.0,0.00022599722,0.0,0.0,0.0,0.0,0.0,0.0109802345,0.0,0.016208686,0.0,0.0,-0.0063419314,-0.0020282157,0.0,0.0,0.0,0.0,0.0,0.0,0.0,0.0,0.0,0.0,0.0,0.0,0.0,0.0,0.0,0.0,0.0,0.0,0.0,-0.0045979405,0.0,-0.00064637605,-0.001042347,0.0,0.0,0.0,0.0,0.0,0.0,0.0,0.0,0.0,0.0,0.0,0.0,0.0,0.0,0.0,0.0,0.0,0.0,0.0,0.0,0.0,0.0,0.0,0.0,0.0,0.0,-0.013157883,0.0,0.0,0.0,0.008646192,0.0,0.0,0.43119168,0.0
0.0015451926,-0.00018564095,0.0,0.0,0.0,0.0,0.0,-0.0043099,0.0,-0.013219006,0.0,0.00014170862,0.0,0.0,0.0,0.0,0.0,0.0,0.0,0.0,-0.0007158185,0.0,0.0,0.0,0.0,0.0,0.0,0.0,0.0,0.0,0.0,0.0,0.0,0.0,0.0,0.0,-0.0024966735,0.0,-0.008486858,0.0,0.0,-0.0029523175,0.0,0.0,0.0,0.0,0.0,0.0,0.0,0.0,0.0,0.0,0.0,0.0,0.0,-0.00084539375,0.0,0.0,0.0,0.00097043416,0.0,0.0,0.0,0.0,-0.003395332,0.0,0.0,0.0,0.0,0.0,0.0003176419,-0.0039290003,0.0,0.0,0.0,0.0,0.0,0.0043268315,0.0,0.0,0.0,0.0,0.0,0.005233601,0.0,0.0,0.0,0.0,0.0,-0.0014882368,0.0,0.0,0.0,0.0,0.0,0.0,0.0,0.0,0.0,0.0,0.0,0.0,0.0,0.0,0.0,0.0,0.0,0.0,0.0,-0.00093455415,0.0,0.0,0.0,0.0,0.0,0.0015338794,0.0,0.008904381,0.0,0.0,-0.046584114,-0.0021989762,0.0,0.0,0.0,0.0,0.0,0.0,0.0,0.0,0.0,0.0,0.0,0.0,0.0,0.0,0.0,0.0,0.0,0.0,0.0,-0.008365089,0.0,-0.0014052948,-0.0019176207,0.0,0.0,0.0,0.0,0.0,0.0,0.0,0.0,0.0,0.0,0.0,0.0,0.0,0.0,0.0,0.0,0.0,0.0,0.0,0.0,0.0,0.0,0.0,0.0,0.0,0.0,0.0018755894,0.0,0.0,0.0,-0.0063560465,0.0,0.0,0.42018926,0.0
