PC1,PC2,PC3,target
-2.6653740521548803,0.42977499295644284,0.6330727761503812,0.0
-3.253787580458113,0.04657184259102401,0.9254279464667418,0.0
0.591588646380281,-0.12021243061404908,1.389427039877111,0.0
-0.125573673371168,1.938150393990799,0.7049838566121194,0.0
-1.3155800565995828,0.4966249016271632,-1.2517093349077208,1.0
-0.9652503462018202,-0.5689195750082418,2.089154778658831,0.0
-0.8440125722020986,2.501109082466244,0.5273819431404332,1.0
-1.3410856811734575,1.0158673813496484,-0.7682388855178676,0.0
0.3700137738231175,1.91029185529414,-2.2289347160048085,0.0
-0.7348882374326551,-0.28605318446097605,-0.1812083400927266,0.0
1.131812454709214,-3.041075001297066,1.0774926236167752,0.0
-0.09362579294003881,-1.9679628097454545,-0.8976558593270232,0.0
-1.4536874344245068,-0.11566577135443955,0.12565734413090118,0.0
0.24706923785139634,1.2178557914666512,0.44318928769625615,0.0
1.7340471055022761,-1.730011154620717,0.1489124129900314,0.0
0.6651557889047883,-2.0965326557196016,2.0436460763973807,0.0
1.7703290641436071,0.7336331787608891,-0.06431069950967065,0.0
0.16073687959767438,0.7521751368869359,0.48562633948764405,0.0
0.6205427827416363,-2.785313695621188,-1.2486104180669608,0.0
-2.0136558011827246,1.7910373557677997,0.10056670801376302,0.0
1.3972527887240367,-0.8426427172918526,1.422777689618278,0.0
-2.882600617053059,-2.327341908559105,0.9978436369658958,0.0
-1.551043578752281,0.31192685132118425,-0.8400992788989459,0.0
3.8783246589945355,0.1485674030919356,1.3018278547240432,0.0
0.12994443680485032,1.327795541428231,-2.191637024529031,0.0
-0.37272054223034123,0.683598605577837,-0.4814313414221038,0.0
0.07864865537424684,0.2728276109734474,2.622835708331322,0.0
0.5182541218504627,0.10873115887876164,-1.716206184050021,0.0
-0.5153369157348636,0.7523233011223873,2.094505319191775,0.0
-0.12027483527373406,2.0073863914819463,-0.7522231069784286,1.0
-0.16770618748120722,-0.9358441403475227,-3.6921138649604295,0.0
-0.8479758543337963,-0.39313605773195626,1.222936525871393,0.0
-2.542246792870908,1.7980963553645901,0.41073099843905087,0.0
-0.16973181216735733,0.6835887239023307,-1.3354446132135949,0.0
-0.3634085769929128,2.1850441141540435,-0.17177223483472875,1.0
-1.934894109910404,-0.8719479167117107,-0.7199306441842963,0.0
-1.722653111071559,0.9574058675759533,0.3001898320156051,0.0
-1.610252597845404,0.7589637442211883,-0.9300320760826865,0.0
-0.6344574728692987,0.7139342846761745,-0.3058050130141929,1.0
-0.35743045564373416,-0.849633295497945,0.9968988257765643,0.0
-2.42431443719626,-0.2307766034771286,0.13255278264893386,0.0
-0.323082464962414,-1.7246325447006696,0.5892615978029877,0.0
2.1269376371710815,2.9299079775792434,0.2504556123380998,0.0
0.11264426940909619,-0.5163889420959088,0.6129489688797886,0.0
1.072369211354147,0.923020173831558,0.03925770254567864,1.0
2.2840305222664754,-0.7473679416620344,-0.8019487189106371,1.0
0.8656209450264802,1.2531208419361022,-0.8815087748062052,0.0
1.0765249487253405,1.2169413007024898,-2.1198173134739853,0.0
0.25150229954645825,1.2882095021505786,-0.8938252557782156,0.0
0.010438992309761976,-1.9093753344255437,0.4581502550357857,0.0
1.2236516446023071,0.03622922736533515,0.7954119746315951,1.0
1.26888811013459,-1.1011221753587073,0.23214815550276774,0.0
0.9351802569201075,1.3559854549044148,2.4191766128231484,0.0
-1.9401961994757944,-0.03601598539955902,-0.804421504214634,1.0
0.9218998106494095,-0.07968585237156821,0.07722226261780789,0.0
-1.2494346555459142,-1.7385439031315315,-0.08378963583528606,0.0
-2.041614917061866,-0.9292951795928129,-0.32911608721041946,0.0
0.3758892774301405,-0.15689798514295947,-1.176498982361031,0.0
-1.8425325068884135,-0.6088168474621388,0.33057525883616995,0.0
-0.8842417746817707,-0.5469598902088669,0.876140340800647,1.0
-1.4810155051311875,1.8665730483942546,0.24058342759455398,0.0
-1.6099369815782227,-0.104625435293658,-0.45129992042005884,0.0
-0.45582854478778434,1.4377316531945703,-2.0127683704960084,0.0
-2.4305261658550568,0.7412664315673588,-1.019037481274525,0.0
-1.4643544284009147,-0.07251247284006343,-1.669119810549528,0.0
-1.2523714449027143,-0.40018996147934377,0.8625882055020669,0.0
-0.13226984945426357,0.8264330157491059,1.2738655839107058,0.0
-0.11320766346947346,0.6500872586068823,0.3193195754274567,0.0
2.3106408044198945,2.2370205582226945,-0.7815798723865683,1.0
0.13719234979960773,0.12907561603753576,-1.0062930898920925,0.0
0.8635686052339151,0.7725302059543211,0.30533800688681156,0.0
0.035862151964007764,1.0255403414926743,0.8338115102732904,0.0
0.11581575192522985,-0.5235164604835704,0.6218342790017537,0.0
-0.5850492193842736,-3.916792453412035,1.2994481027964881,0.0
1.2744946674235242,1.2860298669357195,-0.09120710417956956,1.0
-0.30331174664134547,-2.755542452894705,-0.052989840280166525,0.0
2.048597799812534,-2.1514447100471634,-0.5419548295031111,0.0
-0.8542338714989595,-1.6672292159846642,-1.4655935337948922,0.0
-1.2397106261262272,2.4834766251827527,0.9431953439201728,1.0
0.5599202487064998,1.5387210216685252,-1.3154995604268909,0.0
1.0081384092755097,-1.5718592794888269,0.831907899828606,0.0
-0.16605460733665997,-1.4678615628324356,-0.3850834302001108,0.0
-0.60655508870782,-0.8921000368604628,4.069782958410891,0.0
0.4677979317879019,1.2948264624932697,0.9310792169323764,0.0
-1.9225108741047947,0.27651286591002516,0.8207609848770516,1.0
1.3760071335561472,-0.26347284179612307,0.938825305340394,0.0
2.5225218378979464,-1.0249794671119947,-2.92899024891004,0.0
0.5285266730796273,0.39571593783105496,1.8882247243838033,1.0
-0.768950657522277,-1.875907056927857,0.9836398828770565,0.0
-0.19769817857519642,0.15821041623118517,1.7874014621491732,0.0
1.1522188952139893,2.043009942488755,1.846859899487894,0.0
2.3944379499545256,0.31801445144959944,1.9206630827188516,0.0
-2.20874842677923,0.14315716901935163,-1.3622850591246751,0.0
1.574901175531455,1.6387171867932877,-0.7435533464711054,1.0
-0.800377241577076,0.23164954424180723,-2.779559454085465,0.0
1.4610951979862377,1.014606686184202,-0.8357442418502177,0.0
0.10831695103008028,0.8499975303865218,-2.864319349520773,0.0
-0.5687696521497206,0.8636265784052416,-2.9595613091021744,0.0
-1.1865901663565441,-2.0260673142931656,-2.3144374150074136,0.0
1.8436782593714616,-2.627916165637204,-2.100226342829333,1.0
0.8031333904826666,-0.09730949398365386,-1.670247150655331,0.0
-0.6487407509684301,0.5655411883761399,-0.5813721630563647,0.0
-1.0712053782093365,-1.2106165909751594,1.5584384293641875,1.0
-0.39849562452937426,-1.0592979832073683,-3.7614508931591,0.0
2.281800683468474,-1.0035584786483027,0.2814484817596868,0.0
1.5653105341097215,3.8731784807421294,0.2706110763105352,1.0
0.31258639131419375,0.11027829191638727,-0.3390064525486141,0.0
-1.9808100880510446,2.1392226549641693,1.0487244059467673,0.0
-0.5799290248512475,-2.2117850642305106,1.0135382336281422,0.0
1.7074184364112628,1.1173658683110412,-1.5738217111704171,0.0
1.2804674280350021,-1.0465228835993392,-0.6795514127509299,0.0
0.2707360078223634,1.2229605675681938,1.9863466745061795,0.0
1.2095593811337455,-1.1432331936817233,0.006350436373732728,0.0
-0.07291444347239094,0.8410473574981364,1.134263871224816,0.0
-2.193966643023453,1.600286853682075,-0.14468860809375744,0.0
-0.6132615341560217,-0.4758845563490902,-0.8879330719966048,0.0
0.8670048107472378,1.749266137392071,1.2692485982135888,1.0
0.1880914946710147,1.0506961630322624,-0.10353321360980647,0.0
-1.4997981222668053,-1.7441203464802912,2.568919630179173,0.0
0.6738340481038883,-0.033375475882053675,-0.6156228078843564,0.0
3.4551442694702494,-1.1490198305843329,-0.2427990398526787,1.0
-0.7064446111168915,-2.56185298168821,0.5997817382835732,0.0
0.08041104758371036,0.968838109833086,-1.7705158089483526,0.0
1.5929309054901322,0.8678491135413147,0.9504983029062701,0.0
1.581344170927241,0.018942090178128132,1.9600830674248326,1.0
0.09669743625803214,-2.151204920985312,1.2135476342557412,1.0
-2.018953630272245,-0.7084655418814043,-1.8863671846460712,0.0
-0.829887916895921,-0.3658029135222149,0.5334657815580047,0.0
2.7968530562401837,2.14939487857905,2.490567725289058,1.0
0.26481838816524217,-1.29672295797407,0.05957711120367317,0.0
-1.7433770971290425,0.73127098728649,2.712598593606333,0.0
-1.145952629374174,-0.32982705742143215,1.5802775131060158,0.0
0.3178429056345333,0.45195445401517864,-0.5776592387591649,0.0
-0.7203042982510017,-0.6850124566633292,0.8557496589423471,1.0
0.17713111328949296,0.3756882113909211,1.0123816719867897,1.0
-0.8259785274416472,0.6376539590794081,0.24737415428380366,0.0
-0.31775969843680185,1.9136168663864608,0.1583804077841066,0.0
-0.11695713505108583,0.7196560160479059,-1.5930628389800905,0.0
1.0662714097925015,1.0876348239302718,-0.667663743198413,0.0
0.8756781064669208,0.008240714394589071,-0.37693554427591375,0.0
0.2911266201638243,0.6457604732456295,0.27558348453552683,0.0
-1.6006330152971986,0.30354981103758855,0.8366779185021577,0.0
1.3084544052621374,-0.8606491028189012,-0.12133003901305013,0.0
0.6081171888230277,0.2548551005131305,0.7630743044309498,0.0
-0.07188421262460873,-2.28447529972539,-0.5455212469959837,0.0
-0.3355413966057611,2.298640631290269,-0.7360466529612469,0.0
-0.6740107084648054,1.5445330499581384,1.8232038078317503,0.0
-1.639654398737712,1.949125424627401,-0.2379599432985127,0.0
-0.704039392708498,1.9405431499779322,-2.287258002867715,0.0
-0.8421848395093904,0.24848969705865456,2.472952539825854,0.0
1.3757444245828354,0.3208049026681811,2.926532022654113,0.0
-0.27355811330940255,0.5836134280648253,0.1573434731589281,1.0
-1.0157679741408594,2.4555143005134927,0.44723841352684546,0.0
1.1743678960492385,-2.7628372546420454,0.9565875043607496,0.0
-1.7336708779311159,1.6480297081588275,2.8260340142471376,0.0
1.8372566329684796,-0.13262081732338765,-0.7948447289084721,0.0
-1.098180402274507,1.83678325415137,2.0567686979079203,1.0
-0.18386500042632117,-1.932001077225434,-0.3203328654055822,0.0
1.5552226386819137,0.22101646353881046,-0.3755409281030615,0.0
-4.402402840362718,2.13870950105045,-0.6266426182098962,0.0
0.41646622236293784,-0.6021327955790012,0.8854561047505892,0.0
-0.05658115200525985,0.7221967468816004,-0.25515177147090096,0.0
-2.259955924183379,-0.09126003012602404,-1.9892817225738768,0.0
-1.466180180553577,1.2431582354386463,-2.9939910388850675,0.0
-1.5428341317373475,-1.341891383852395,-0.5410619996344288,0.0
1.6113886490627634,0.452800966828856,-0.7140967802524725,1.0
0.21998615723612644,-0.5283838701352546,2.243630594799793,0.0
1.2462925860129523,1.2117083557404265,0.8260297920360749,1.0
1.7181634818735567,0.9027034475210299,0.0461039953552017,0.0
0.038725525800017556,-1.248501013029122,1.797169638521691,1.0
-0.17961886714435288,-0.39598951563887225,-0.8951958799813996,0.0
-0.2962598999957435,-0.21649564037413227,1.6056813251097792,0.0
-1.2733752134564165,0.5161409227048397,-0.8137514394619197,0.0
-0.8992332670630487,0.662005057494472,-1.774112339778558,0.0
-1.6777251589413413,1.918972166693579,-0.8435562019423648,0.0
0.09085961330671534,-0.2805770434091941,0.5560305529748769,0.0
0.6330262345107961,-0.9058550630530395,2.4749613620646524,1.0
0.5344383555484593,-1.450291869331079,-0.6076218357393628,0.0
-1.8577670616734516,1.5678187334885556,-0.07264692690316751,1.0
3.0184411207671147,2.3940997222132765,0.808509514685383,0.0
1.4808508539358212,0.6664214660851984,1.3686147954680226,0.0
-0.9436844461512982,-1.2447170453679604,-0.214237086443359,0.0
0.3582605836921453,-2.2100874283258336,1.1157617733676612,0.0
-0.5165936067784836,0.547562352615882,0.46575174517700496,1.0
1.8213882491733042,-2.0341860672462526,0.6700466697145983,0.0
2.860460251846,2.227464609643782,0.3732265252238155,1.0
-0.4709167204552112,1.8289249683480717,-1.7357022667082755,0.0
-0.11737952040172149,0.05366691330458994,0.35238646067899365,0.0
0.6428500713922927,1.3904293940121883,0.7094436663479613,0.0
-0.00244271336902415,-1.2313816187758198,-0.8606304943361147,1.0
-1.0854209423768726,0.6714844145609641,0.22676469655753168,0.0
0.9584970587295074,2.187017801474224,1.2374610331762292,0.0
-1.1333390708550006,2.947762132217827,1.3189191552653838,0.0
0.2440832471971862,-0.11087084205983988,-0.2837241378231713,0.0
3.674371756701366,1.2346349061525819,0.23946437453990996,0.0
0.7939512586308286,-2.1237307823371614,0.2610671143386837,0.0
-0.21859208330730368,-0.8478784749307724,-3.003075860740285,0.0
-0.8859490283363066,0.5931465079863039,0.628406292596215,0.0
-0.23536964803433816,0.5282943696565912,0.7159974946242267,0.0
1.1309125178773514,-2.270858105677621,-0.009760182405113014,0.0
-1.1041442839572622,-1.2406066898152504,0.09457322096868022,0.0
0.49231217654084164,0.24685120886732717,2.853207727199115,0.0
-0.6034351960632153,-0.4027042733548392,-0.9431190898073172,0.0
-0.2466973834018789,1.4817932904804911,-0.4396529828132557,0.0
-0.28026429886772536,-2.670490256105059,-1.7496114273901775,0.0
1.7346570040880456,1.0353393431020903,1.3125568886099488,0.0
-0.20274321433203912,-1.1354041649644582,1.8301920371882678,0.0
-0.7593563517103067,-1.6440092417430345,0.5807140704119567,1.0
-0.5155468464357807,0.880135510026429,-3.5177085769341634,0.0
1.23691685605831,-2.575461921360753,0.5973034034334433,0.0
0.4800428140377496,0.7136747708908723,-0.6298382440536472,0.0
1.1909852267795062,0.9795733128082978,-0.4423314308658996,0.0
0.49958624743346164,-0.9084976144454701,0.11463137252162171,1.0
0.5880291826183857,2.199262088883647,-1.431358965975667,1.0
0.011759305363121472,-0.41753331413895095,-2.085587551053953,0.0
1.6928475229433844,-0.7261423514414905,-1.6143660858720639,1.0
0.0024506719006780744,1.2719516767030434,-1.3551432267802064,0.0
-3.5239130655923936,-0.35035705022481817,-1.0714299148051747,0.0
-0.7885427726064465,1.6204976609802102,0.1775377070706046,0.0
-1.0838565444386699,1.3236844629203504,-3.301562235384912,0.0
0.42455482990148996,-0.2885285985967863,1.7155679688081351,1.0
-0.49164270423952594,3.251612940669195,-0.4541233640497777,1.0
-0.8941209708265139,-2.044624605032409,0.05823755566111595,0.0
-1.4072977382260266,-0.4912479613449622,0.9005216732372178,0.0
0.46284004276026186,2.1018167794360787,-0.22746836632138598,1.0
0.12514774478053386,0.9361116916684143,0.10055238669933537,1.0
0.9300048887806589,-0.774531614434755,-1.5695777453542405,0.0
1.1289701160576366,0.044714081302799816,0.0850914385915417,0.0
0.5347445165951203,2.459448875343176,0.6262800048625172,0.0
0.7649429654649154,-3.2435291636813357,-0.026102559318782276,0.0
2.6516613382184286,0.7991866482358227,-1.171078274118232,0.0
0.7007121579833793,-0.8078119373289591,-1.5915986986091024,0.0
-0.7236376799390568,-1.0578717916711364,-1.1879123252271058,0.0
1.423564733375393,0.3429746061608346,2.714984440104791,0.0
-0.5694432358641077,0.03719882818602261,0.11645167132333964,0.0
2.1930520538954816,0.4162534464321256,-1.238319772949319,1.0
0.3380629877047165,-0.3935998325608978,-0.5600675977360752,0.0
-1.8421652903096484,-1.3421000693030125,2.5013341378675165,0.0
0.269392827566084,-0.21221969001836036,0.25463826690092556,0.0
2.010073734261181,0.12148680099414787,-1.069880595907256,0.0
0.16866482337205793,2.9280078647108425,-0.630876452181718,0.0
1.1985710171822996,-0.44348852348110107,1.1345700480301584,0.0
-1.3076839655093868,-0.8312705337646162,-0.05058209242367558,0.0
-1.6650178849185235,-1.0310697082526932,0.06794574254195138,0.0
-0.767620319391057,-1.688766554318475,-1.0908446022588072,1.0
0.46326141825681344,0.26282700119964814,-1.172075449759054,0.0
0.008926175103826926,-1.0564352723175316,0.38909430713110293,0.0
0.30750952416763816,-1.8687343282651188,2.0123384785662592,0.0
0.1935497474567849,-0.7517660049348968,0.43813116751615233,0.0
-0.9496676265835644,-2.3684862658114287,1.6254608069968082,0.0
0.10420629408305056,1.7863212607252617,-0.4685322034967816,0.0
0.9416839323357805,1.1886257525710682,-1.2969395124782512,1.0
-0.24289245752785527,0.08476485748897462,0.20540186429476395,0.0
1.0861276874966332,0.5822822724346822,-0.07519491970421092,0.0
1.6690961621034472,0.2166902402482456,-0.6039284192370274,0.0
1.0094762361319076,-1.3519914680578564,1.2444966073184416,0.0
-1.2981713202427407,-3.870297388491233,0.6368734113281662,0.0
0.10464375947459162,-0.49269293614954485,0.4074775286974669,1.0
1.7935672106492837,1.2697633183943917,0.8549116971334089,0.0
0.167511375822111,-0.3249518426968603,-1.0154716303157092,0.0
1.728871161071131,0.06233573162266981,-1.6569538857673018,1.0
0.2354350071556185,0.4141934042728205,2.0415239346242844,0.0
0.009587428254481773,-2.5513657875775944,3.391995556556916,0.0
0.08902422235407333,0.22679234636621087,1.3551942904299923,1.0
2.0408836060124766,0.4400733983864082,0.28269456063634874,0.0
0.23871882041448117,0.8618895469082699,-1.4086864614508439,0.0
0.6383155339949887,-0.939001912486044,-1.4696988299876728,0.0
-0.5918760841109499,-0.8351119625513377,0.6376748033322395,0.0
-2.543099916170666,-2.0398084198612234,-0.8833840713313487,0.0
-1.4463367133523448,-1.4569763576530512,-0.5473084779404557,0.0
0.8662674114775304,-0.10092601287724053,0.3807403886527183,1.0
1.1219294176906685,1.8948840539027099,-0.38778866650270416,0.0
-0.5367248645856656,0.47887261928084107,3.4907023180906402,0.0
-1.4835748226614256,2.005699921647924,-3.643030907307131,0.0
0.5136509973047718,0.44517049195916386,-3.4316905471848584,0.0
-3.41944980975513,1.1371344478994794,-1.6672974835632552,1.0
1.9305261194179435,-0.48113025576616675,-1.3378860810101252,1.0
1.5704804230385954,-1.166451304253995,1.545372428015066,1.0
-0.3120893086808631,-0.28779577328373357,1.393871618566386,0.0
1.119770191064988,-1.8567571494838513,1.4035713696149936,0.0
0.0812732672987928,-0.18384583804600244,-0.658933103412305,0.0
-3.128530484203514,-1.3631866794976673,1.5030670526069376,0.0
-4.637078490648912,0.6417330750188355,-0.42262042306847497,1.0
1.4819733582252408,0.4898960374711896,-1.8497572775736633,1.0
2.6632688291338553,-1.4789848713142533,-2.360610589915411,0.0
-2.6636991882937924,-2.845801323689144,2.2218243520905783,0.0
0.741072879953943,0.2511635724321571,0.22530688693014966,0.0
0.5128803621748382,1.3077249050823034,-2.513285094686043,0.0
1.404177348256284,2.7728545543420084,0.0634170490753664,1.0
1.9506115592443853,1.9185591468130432,-1.0628964134797523,0.0
1.327312127669069,-0.09648700434293873,-0.5000108695145382,0.0
1.6060171634092038,-1.8048269256970522,1.481691253618575,0.0
-0.4384933616710386,0.8240029336907402,0.5545330391962924,1.0
0.707710669388814,-0.954886029003679,1.2439355858306653,0.0
0.5469840590171302,0.6947103615414401,0.3194326281728738,1.0
0.04984044099222804,0.7826265230143521,-1.3353356602611708,0.0
-4.468297076077767,-1.1719750357215266,-0.0023904494631698105,1.0
2.5521790463970326,2.160517541334062,0.574626804497911,0.0
1.6437971695671572,-0.9388603254496938,-0.6714105159092354,0.0
-1.812167319469115,0.42553170069140117,-1.6659901989899664,0.0
2.9181443639851987,-1.271592755695638,-0.371816113082935,0.0
3.1544281067217423,-0.9128771471926957,-2.2369841514880298,0.0
-2.0377532839724584,0.8533250003427413,0.3072492991362837,1.0
-2.1541968157024973,0.47157318158166606,-1.5636633986741404,0.0
-0.03838291464888252,0.17268285778997636,0.8013791394338113,0.0
0.6957525383133992,2.312394724734404,1.9405349974321713,1.0
-1.9721952677289953,-3.253987713546673,0.6432378912805613,1.0
1.3415020244745515,0.2704619705481548,-0.24858706144145465,0.0
-0.7286244967580604,2.5494915202256254,0.6620949479681351,0.0
-0.043404257792625446,1.0741020018264253,0.7714727129032106,0.0
-2.7118852289578643,2.1516854670050085,-1.236176732323578,1.0
0.1541858001560087,0.7236543944850261,-0.35686962574556974,1.0
-0.4004259783235847,-0.9987506968425288,-1.7526080924155891,0.0
0.03059259831632457,-2.0422875878776,1.122139259660616,0.0
-1.7866244424219069,-1.3507447931970695,-0.5486564332765904,0.0
-0.5494905419326747,4.997443674427594,0.7362735115062256,0.0
-0.9601779411042078,0.6925802054368009,2.166250562549695,1.0
-2.4085568766171397,1.440079424511104,-0.6084644232434244,0.0
-2.821350366989805,0.5893517503711128,1.3990903814757323,0.0
-0.2533559591140737,-0.6242250723533086,0.6154801286724615,0.0
0.5419037108834325,-0.3007064863413527,-1.2423260652082437,1.0
-0.7010920308123182,-0.1627733196712592,0.4529406590199131,0.0
1.0364359143719788,-0.03677009201434153,-1.1165538519425322,0.0
-1.5552766531606887,0.60614762978441,-1.5342511672287387,0.0
-0.16042296771677472,-0.7193432121471474,1.1775305102980658,0.0
-0.7548916993161275,-1.1124587312151788,2.741132190908965,1.0
-1.4527430978923512,-1.0883938387875904,1.5995017079598206,0.0
1.6152754686225759,-0.7636726766250269,-2.043839570103259,0.0
-0.9872346059548,0.0043198089797260395,1.890022218101075,0.0
-1.4527765946245643,-1.1091475881308952,0.8724872111133223,1.0
-0.03884492972919717,-0.46885706397685467,1.056892888280065,1.0
-2.2283314317872596,-0.33555256040200526,-1.1968346717098115,0.0
-0.5628473997996071,2.8123105274204576,0.21817734293926627,0.0
-0.2022311567490445,1.0933101186455267,0.17977602940944493,0.0
-0.7990815821190932,-0.8055064679332438,-2.71581354319326,0.0
-2.2970671562328016,-1.471253527703958,0.8469342472027591,0.0
-1.1713459890917264,0.3692351467449761,-1.5082494249979719,0.0
1.8321138839369089,-1.406745951042546,0.2006172601884265,0.0
0.9122591880107712,1.6552385944559822,0.7478872948962068,0.0
1.9786576751060951,-0.9964436141925614,-0.8975591795863906,0.0
1.205306817322139,-0.6596401264664113,-1.9514064397284594,0.0
-2.118886156242741,-0.471345726763908,0.24808507987033515,1.0
1.478226725072283,-2.7929253468655713,-0.4365940163851975,0.0
0.9321952695556142,0.443612842705536,1.21152090580393,0.0
-0.5606716107490568,-0.3371664712676192,-1.7800394677333253,0.0
0.28703571110445175,1.0630338419823457,2.1043138771594445,0.0
-0.05848941132609078,1.0448814780297648,-1.305017063789502,0.0
-0.009710858667870524,0.6363405344454891,1.6385555579937257,0.0
-0.46156568235287054,-1.3298905936161063,-1.9799505713832923,1.0
2.769009983692459,0.09558159431184118,1.0966936219218855,0.0
-0.8097008570159785,-0.4480334151434395,2.2867755282854807,0.0
0.4403248353498452,-0.347390118790005,1.541772518595751,1.0
-0.4683075109415225,-1.617544334149438,0.327113684948278,1.0
0.06545016433473277,-2.0051680539993266,-0.7662324629991767,0.0
1.0542865835860342,-1.785050764232592,-1.1797584801912675,1.0
-1.6884467375549876,-2.834103016331346,-0.31485257156175855,0.0
-0.200921055768218,1.5533645906318527,2.7997859295305734,0.0
-1.5077048080726956,-0.7589828165129501,0.07845284861999391,0.0
-1.5566424002728316,-1.2623543615475312,-1.482676562322539,0.0
-1.415213957509008,0.38151947907687744,0.011708897828662034,0.0
1.4244198114842817,0.5251162918748968,0.3160523750796014,0.0
0.495336139245874,0.4367838483598754,1.0239066170119087,0.0
-1.229274625678088,-0.3428254562009922,0.22805140316701802,0.0
-1.0601649500726156,-1.8931393866558395,-3.1972015754134673,0.0
0.9713875476202084,0.15063192706324818,1.1658419925300259,0.0
0.6044872368234648,-1.0857995011369515,0.5461871854213292,1.0
0.4003202036600703,1.5457316430846189,-1.5915149464255092,0.0
0.5308423616847644,-0.3647008207630868,1.5473790385640163,0.0
-1.6785935987077232,0.8156569722750184,-1.3733366821316282,0.0
0.25762258029874685,0.7092427207270925,1.1064831804728847,0.0
-1.2408460001856025,-0.3905806602646525,-0.2264384725372123,0.0
-2.1925410968601198,0.4274734554094788,1.5875199551402286,0.0
3.035566413821956,-1.0619708996670296,1.5836392233018166,1.0
1.4367800634442764,-2.565853179329166,-1.188149479641075,0.0
-2.9657079422185713,-1.704921044754182,2.7744491464200816,0.0
0.5150515237586026,-0.029733156596266075,0.9596116509071762,0.0
-0.5750786168193999,-2.0218924038862913,1.0926187570308687,0.0
0.8241278404804775,0.05537342921096706,-1.4751677716688048,1.0
-1.7038677549771097,-0.49165521387818295,0.03231354662650104,0.0
-0.8213511005439149,-2.037412476653166,0.0004622970446334138,0.0
-0.7001222572003795,1.1140743232523804,-1.3808212429210744,0.0
2.181771652186002,-0.3577532894598241,-1.4832775372586877,0.0
1.8938305134934732,2.3170394177892946,-1.1111920493808365,0.0
-1.2071604920364323,0.08855670801259256,1.4410052184652777,0.0
2.4912725073517272,0.2993583981679092,0.36840101447608625,1.0
1.210875500027306,-0.35939340564289596,1.4707377611261239,0.0
-2.9356487580047865,-2.176401247963317,-0.49801751717188897,0.0
2.054872874540536,0.8664879239322619,0.6077744552918475,0.0
-1.2047456106234524,-0.40332288514512266,-3.5509896111174135,0.0
-0.400975653686918,2.406925407306344,2.4002292897330544,1.0
0.48731528446319045,-0.040636331505639174,1.3392618135833707,0.0
0.8047195940923075,1.521814601733618,1.3276698906609437,0.0
-0.7006972638298589,-2.8316364858867074,-0.3342575786570053,1.0
1.3446687279337086,-0.6710903241178532,0.39989214434620396,0.0
0.41699516342275866,-1.9826857959403115,0.3420618985095998,0.0
2.5943149317002256,1.4657221364600184,-0.8372854464233438,0.0
0.23112523703656876,-1.1386190350112024,-0.23931776484429723,0.0
-0.3900305909069872,0.0545121510258928,0.24620100853618815,0.0
-1.7866986751796197,-2.5416799406066337,-0.8222702576301999,0.0
0.9064828736343322,-0.8347520339017023,-1.2048301912213255,0.0
1.2546742830118767,1.2256480452687293,-0.14160469087774508,0.0
-1.1927826517287659,1.1042904130650015,-1.4001078942472704,0.0
1.7466543498194524,0.032523370976384004,-0.34938596009614387,0.0
-0.1377184698944143,-0.377272404991592,0.5021698126655368,0.0
1.4909298015435573,0.9898253825848853,-1.0076544546524215,0.0
0.3725943640730074,1.499072006690555,0.11149120939617639,0.0
-0.20032184188691565,2.387892627288285,-1.1895372548251077,0.0
1.180179954028301,0.6462067156524195,0.5897541346061959,0.0
-1.1547263270451065,-2.212689663685879,0.02807643037101757,0.0
-0.5293359207778063,-0.19905189418912633,2.1157514180841654,0.0
-0.7127502800075324,-0.22797728653738766,1.290841141886055,0.0
0.01674648804776732,-2.196484075332747,0.7805618086709389,1.0
1.1913940059303916,3.167551837858536,-0.6554121963457104,0.0
0.11902388630964555,1.0799934084155365,-0.2642618592425962,0.0
1.756342765010726,1.4456555241793152,0.9699636742877057,0.0
2.7815839089947625,1.3422402174031876,1.5973486192572397,1.0
-1.4286933878093038,0.6193787486512895,0.7058142046290912,0.0
-1.6007766843518405,-2.048859219275934,-1.2952040137110907,1.0
0.9395301946197655,0.5171724580223576,2.902541293686372,0.0
0.5856881705381413,0.8380561009633928,1.7755678007090818,0.0
1.241680824803317,-1.0542752883397712,2.909248081100647,0.0
2.7221179998987406,0.652649115076674,0.338152373088579,0.0
2.461319167333751,1.8796508764983535,0.13249197755643768,0.0
-1.0675048918020256,-2.147550252765898,2.518952980729406,0.0
0.17545187979715465,-0.16400114423259582,1.8225141925539778,0.0
-0.289180242683462,-0.6081908349479005,-2.2388113669842635,0.0
-1.6359244792567287,1.2107711429338461,0.33168495963637906,0.0
-0.8358441920410686,-2.0552604902236324,0.9806822835146368,1.0
0.2283506532318691,-0.4048919452065567,1.566494316795874,1.0
1.0974878750499675,-1.2745454593154852,-0.8310600629932154,1.0
-1.1722951767850396,0.4709624841894234,-0.7080418267465058,0.0
1.2906916882512334,-0.9155847218139728,-0.7612424941282973,0.0
0.5462480772017836,1.311148301709581,-0.21561318789752032,0.0
-0.5305418140996898,0.558777473655274,-0.8449758777107136,0.0
-4.598534858152502,-0.9294174086130644,-0.030512866528387896,0.0
0.3674955661319073,1.6289424503716106,-0.48163715407142077,0.0
-0.45900372126563727,0.8541847273698274,0.019783409099909152,0.0
-1.6054459030897352,-2.7358933339583875,1.9452386047368075,0.0
-2.3181292502754505,0.9715108830150945,-1.1434530420928855,0.0
0.2691619634369786,0.08134161829581817,-0.5179243456022162,0.0
0.009178177116523925,-0.20648548076578982,1.3447237419671627,0.0
2.2182918998097807,-1.022877769717716,0.48363918623662844,0.0
-0.3408862123402093,-0.9619110767154279,0.9107131600502737,1.0
3.428466453240997,1.9146916750062666,2.3593493121605777,0.0
-2.091290607319475,-0.30284621692167374,0.31331556155575185,0.0
0.2887187730864914,0.9556343678846221,-1.1976132107398774,0.0
-0.9474542464110673,0.49171786631170916,0.29310199146999827,1.0
0.7985706670014624,0.9616271864487066,-1.0916558220649115,0.0
1.3995437362766,-1.4367956165599207,0.8960624833630835,0.0
-0.5414446947267736,-2.258194772748906,0.8365504464980765,0.0
0.9525819162814604,-0.05112782279583718,0.1997509277213343,0.0
2.0974108729487155,-1.7296367279953992,-1.062546368267114,1.0
-1.1390265119423302,-0.0366829373214973,-1.5641299011367635,1.0
-0.2903753927728073,-0.7513260120751123,-3.745323598692236,0.0
-0.2923122643838902,0.797788960723459,-3.5776715233834437,0.0
-0.40942475740997314,1.0813356979120945,1.1421845656570342,1.0
0.6861486678116909,-1.7444712027713174,-1.7838101703978049,0.0
-0.6840880149938349,0.08669970476992933,0.8272805641950448,0.0
-0.6573021512735084,-0.43288362826856164,-1.0084958030976876,0.0
-0.7024133815782466,0.3242863833835197,-2.8282737984225137,0.0
-0.037605518263804365,-1.4373870499989538,2.5572053561851185,1.0
-1.7557462814053664,-0.41288092128494214,-0.2359371540278591,0.0
1.6811343343670744,1.6390944922199364,-0.5031316525558317,0.0
0.5138735083607471,-2.5548202021991453,2.1388431698136525,0.0
0.9346435600974267,-0.30733265174853636,-0.08266367268477655,0.0
0.000738148784942838,0.28732391568874505,1.5047783616610577,1.0
2.0523625140174504,-0.6685485473503502,-1.7378849930803355,0.0
1.295396120501763,0.20837225719430713,0.3712721317284447,0.0
-2.5564089764626687,-0.5843229312051238,-0.1505700103156772,1.0
1.478104722103157,-0.1116339203775887,0.9253562826187822,0.0
0.45648685851261067,1.0272985772253027,1.088588385728319,0.0
-1.2457045214749887,1.3665004188217942,2.1401390157415676,0.0
-1.55994391565398,-0.7395474025467779,1.0519442458750838,0.0
-0.46299414644907355,-1.6061183230750296,-1.1939078399415366,0.0
0.9775432360831119,-0.3187640898211541,-1.4453709597822315,0.0
-0.9361477577595386,1.684742611210329,-2.8989590883542755,0.0
0.4982013218496373,0.929683960001168,0.8706257850942887,0.0
-0.9396561996219411,-1.449376199137862,-1.1186352872381387,0.0
1.5715185813167885,0.004841092971525127,1.1422747759805594,0.0
-0.9540364482723395,0.9661017621827296,0.37320840719993226,0.0
-1.6071892262978127,-2.2846617682347246,0.31187825364028066,1.0
2.5597468065627633,1.3391016768371615,-2.275724082534568,0.0
2.412309625884967,-0.30111040654958665,-0.31265627122931366,0.0
1.6563857943386269,-0.6331137202175104,-0.768259814390018,0.0
-0.002748315763542902,-1.0040874278757648,0.6665036337113257,1.0
0.9504246789514745,-2.4950180852541877,-2.8732611461057695,0.0
0.45260869680054033,-2.196922102465541,0.737957860887262,0.0
0.0038438793490109383,0.6440636913025916,-1.8395907166848293,0.0
-0.5305126274433208,0.9258092441468165,-0.1803101758672862,0.0
0.732961606501004,-0.6848674634032988,3.5479333176517094,0.0
1.677880829278075,-1.7434543298859095,-1.475936938436746,0.0
2.5462687432597266,0.06588219423746833,-1.083450838007707,0.0
0.34416414427989,-0.5406188669062826,-2.3559955459387174,0.0
1.9893974564808,1.1920513276622606,-1.6757466331268946,1.0
-1.0930190616329722,-2.121960468453379,-1.3514963944022764,0.0
3.9109408390256557,1.362668997667158,-0.9028369651536292,1.0
0.7633912653077679,-0.09902055452631968,1.7868541561746207,0.0
2.1994172817685844,0.09662077105040694,0.6845679827794536,0.0
1.9817829002040712,-1.1003397071066439,-0.6910090125342442,0.0
-2.673980964250291,-1.0308538160129659,-2.5766171610925204,0.0
-0.2357169656220951,0.6928105400442833,1.5901391201778101,1.0
-0.5444233973796079,0.0620284390149106,1.00458963748784,0.0
-0.22392301796115754,0.9718567512648948,-1.4820696355158767,1.0
-0.27126159472708095,-1.9246061285710805,0.34344344339857086,0.0
-2.7865440039616804,-0.48157443034378605,1.6187872746159062,0.0
3.094363731303952,0.6609725301644573,-0.7806486897523943,1.0
2.086409157292987,2.4562590275044744,-1.2056211379596167,0.0
0.06472301386871815,-2.075871037588999,0.024569408762070765,1.0
0.020230498410272347,0.8118716618737216,-1.5129056583938327,0.0
0.23535954214068058,1.1380970744435843,-0.09390200588285219,1.0
-2.20517753156012,1.07588496091267,-0.4846369843918243,0.0
0.27062171310163546,0.8702469388846706,1.3429594083147667,0.0
-1.2432821330850468,-0.9345503013019151,-0.6530614824841812,0.0
-0.2206284743399014,-0.37570532099054593,-1.4075037715280632,0.0
-1.320198836981753,-3.7081152872121383,0.05217851379112226,1.0
-1.2062162529186014,2.7367118595420044,0.4102368290716799,1.0
1.028925284299467,1.2513560968552606,-2.1397287713074498,0.0
0.7225810116846608,-1.232889387184083,-0.2333688443324543,1.0
0.9779599104659964,0.7714598577070197,-0.7778777922287613,1.0
0.026806308476138057,1.2549340571710073,0.034861337097511755,0.0
-1.5982919515333505,2.703889176669637,1.8540933431705722,0.0
-0.8107915587261154,1.8525237070852203,0.31100445370455865,0.0
2.4774143345968325,-1.1221641565740237,-0.5333826041938065,1.0
0.2819943068508644,-0.10902818391147502,-1.4852361871107418,0.0
1.0407194282359447,0.5617931401413085,0.12251489778257675,0.0
1.0731094233323593,-0.5772706277413124,-2.9628654049700978,0.0
0.7165959508897982,-1.8705474633215602,-1.6839634786281739,0.0
-0.6229705644294318,0.11684352882746674,1.2491633432404008,1.0
-2.1696217036780023,-0.5794573861740041,0.21752931676344564,0.0
-0.21569581637762922,0.08107920172707161,1.017208529602691,0.0
0.7395659489766799,-1.566047803350601,-0.24398464215552473,0.0
-0.7488950753580792,-0.7710065775779072,-1.1391342248328538,0.0
1.6941003424575636,0.6774663975574347,-1.4366062818576186,1.0
0.36150992142376637,0.4643468929865481,-0.28760172466918177,0.0
1.6632109817261471,-1.8875956186176963,0.5615083494694896,0.0
2.132634552085333,-0.31283868136718945,1.431470949697857,1.0
0.4523394484224162,0.5558071872916613,0.8111055579386961,1.0
-0.035554544336505,-0.6084308974120257,-0.3550130900403337,1.0
0.36110007838381897,1.0928478368827088,1.6564421560718312,0.0
0.29688539810605213,-0.9345581200527906,0.5058342841866157,1.0
-0.1275301100845616,1.1819153079726767,-1.434102486095121,0.0
0.43096137116971495,2.1953315400681843,-1.9738259356161958,0.0
1.1083585807197245,-0.8967141442331037,-1.7718179291247578,0.0
-0.9476043348420332,0.40717861814379247,2.052287778240422,0.0
2.94634973369758,-2.626286189001064,-0.32089424755308854,1.0
0.8149991843537998,3.2717790209880797,-1.1712600768634889,0.0
0.1789649923512332,-1.8234133008260283,-0.15466031871234373,1.0
0.9542887204454858,0.5707688250270221,-1.969703444992717,1.0
0.42682712606074535,-1.7653193689594044,0.11792241327679912,1.0
0.20332732579015023,-0.09092086816782667,-0.3633344992292215,1.0
1.2849974105471602,-0.3881964073473043,-2.562201859526132,0.0
-2.558491872683586,1.1680616829151655,-1.225235659205041,0.0
1.529127570453313,-2.1290561089328213,-0.7342411088995305,1.0
-0.2785791356113994,-0.25956378243661826,-0.343343439255955,0.0
-1.0653216550729616,-1.9545623466598132,-1.46829792341603,1.0
0.19421370948948802,0.5628462121020499,0.5729090557520232,0.0
0.9410361154932728,-0.5181924254193603,-1.7261546638790468,0.0
-1.4984202266031803,2.4154044549082703,0.12118024683468893,0.0
-1.4788585509234609,1.6544208854070224,1.8783965392823783,0.0
0.26797818319386946,-2.2217799124016127,2.1634762323085357,1.0
-0.692243981976971,0.15546395786331774,-1.4549973448001616,1.0
-2.2076529841455947,-2.088066116930477,0.4768564757695466,0.0
-0.2418653670809572,1.7522685986498785,1.041736751164726,0.0
0.49812922473015453,-0.06480650467994749,1.3188644499773827,0.0
-0.865113916725272,0.8041003087636065,1.113834699518753,1.0
-1.60729541622477,-0.7513542926406916,0.10626268001938624,0.0
0.894765271031916,-0.12946489212220288,0.2982985729027568,0.0
-0.44463336168060974,0.8608780543836023,1.0319105900115937,0.0
-2.1709265725844906,4.349698448488934,1.7327622998364829,0.0
-0.21626011220726243,0.8979273492594916,-1.329557202299312,1.0
-0.2622947841995588,0.007448030787161757,1.0778856839705078,0.0
-0.9926894839551602,0.39169964962653636,0.7781730583357899,0.0
0.15347326965062053,-2.6477632248217984,0.6390235467285617,0.0
-1.2932805674670844,1.8502210283426739,1.8002724688239515,0.0
-0.1466703247944367,2.347273338137067,0.0985061612591637,1.0
1.2811027345608619,-2.7250270124691705,2.568161961776233,0.0
-1.4062808975912524,1.0743242144039251,1.269909144571162,0.0
0.4335972686065719,-0.5261924753275047,0.7993122706905113,0.0
-2.2010829174066537,0.38173347464544954,-0.36784796728988706,0.0
1.8401194549713187,-3.1354130327449,0.5199799506681986,0.0
-0.4205740598739774,0.23755679583044104,2.522357851177299,0.0
-0.8821015402824229,-2.9775587359762183,0.4432104795067445,0.0
-1.3324584466698597,0.5516089614631173,0.5806352007674813,0.0
1.5886812004520965,0.7908886170852203,1.9169114869322252,0.0
1.196933731001815,0.5751541943882563,-1.8877215883783975,0.0
-0.006945911941958433,-1.8404867147234374,-2.2786168201539194,1.0
0.5658053951447213,-3.7623520018361485,-0.014980663417633478,0.0
-1.3459230846903794,1.444461024609664,-0.018349214441312517,0.0
1.2306247774399972,-2.077721479646507,-0.5316004964160252,1.0
-1.2791568861168576,1.6195100406406073,1.632036735251756,0.0
-0.06672701658137019,-0.1315077090367293,1.4650319853702884,0.0
0.7528207263659881,-0.021939863485878487,0.8376694256173021,0.0
-1.699126229634925,-0.5994522126608905,-1.4608967180652572,1.0
0.0820922828216127,0.052532999417628005,-0.40148651476421354,1.0
1.930959839866846,-0.9233076631083321,-1.2145188478959816,0.0
-1.115786290322894,0.05517236308461202,-0.2923305542470921,0.0
-0.13496414751819938,0.6936274709417103,-0.23408645526561356,0.0
-1.1750598448922933,0.3566513766470014,-0.6073286999699901,1.0
3.8880019945897373,0.5827584553699743,-1.4921406094182474,0.0
-0.3098389678687468,-2.1270290044746414,-1.0145869968917534,0.0
2.7611650937355607,-1.150944206592319,0.7232131718241755,0.0
1.0064478002424357,0.2563676553685794,-0.8678839680296296,0.0
-0.5277570731183696,-2.537906910020725,2.195203053044903,0.0
0.053193726230394686,0.0941286621349112,0.13578467844292724,0.0
-0.08756963168684982,-0.5661539259125564,-1.5309139996687735,0.0
0.5143331752947736,0.9340477039584684,0.9744824420367778,0.0
-0.7316681636142864,0.08112706132162463,-1.7997147316554232,1.0
0.35642631186510154,-0.19730030879364238,2.0680972102385384,0.0
-1.096492501967672,-1.2817758364882998,0.8583811184146818,0.0
0.7584320621597271,0.6289532233763232,2.559698620935273,1.0
-0.06361329983236139,1.1479625549736834,-0.18537788491233037,0.0
0.7796772264515045,-0.2562051107816251,-1.7231461778393002,0.0
-0.9243983609238172,1.3754455350941563,0.3443874027556399,1.0
-0.13416832013275565,-0.7386467337633239,-0.06217228027746518,0.0
0.9104617848429348,0.4717094057625263,1.1398716269692162,0.0
-0.46291699773933737,-1.5376241903307992,0.5266992814482826,0.0
2.4294014477965673,1.7539654194115935,1.210607891635084,0.0
0.054607151505393865,-0.3433870548038071,-2.117587129998953,0.0
-1.573230066690288,0.8634608123715011,-2.479572385172821,0.0
1.7637134790521851,0.5386921349414562,1.960505889570179,0.0
0.8352247621000207,-1.1547477376298083,1.6801463478450585,0.0
-0.6904532904100265,0.7341239401970245,0.48173216682935166,1.0
0.23535217735167807,0.37731468241690846,-0.21137112260084787,0.0
-0.8255988865445707,1.4414616783499619,-0.7370274133398985,1.0
-2.9740460148341916,-0.04497975070222169,0.5923820830198039,0.0
1.2235650878680406,3.6675375677269506,0.029379629243981267,1.0
1.3093101773653468,0.7849440717590325,0.9792237539108855,1.0
1.2581011731366083,0.8038661866248981,-0.28861499157841236,0.0
-0.1585987095764496,-0.8062779282029162,-0.024595048704852282,0.0
-0.43391991593873336,-0.32845698477003493,-1.6236256035283272,0.0
0.9851093994215788,-0.11800160966176808,-0.42680372533488836,0.0
1.0059938450907393,-1.7512401810501537,-0.9011143600684733,1.0
-2.218604349851241,-0.21412826962709774,-1.1414022382314188,0.0
0.8674853232727361,-0.28572564108211934,0.2681450166830559,0.0
-1.8357321603839198,1.3768592912465174,-0.5206883976153471,0.0
-2.0602392613016605,2.5064054450509903,1.4615858477174246,0.0
-1.1256328638256,1.6664199426391608,-0.48390152266785386,0.0
-1.6592764956793558,0.4164969398880824,-0.8646475623878661,0.0
0.5027080757834157,-1.8859167503541105,-0.22868114168929862,1.0
-2.096659063412257,-1.5686344446652098,1.0512778321293064,0.0
-2.4905586420470063,-1.3914886552956258,-0.21300016423166812,1.0
0.3456782667000178,-1.9491215074348218,-0.9388442957620619,0.0
-1.1322386688575143,0.4654512422332462,4.356121135899232,0.0
-0.12359339310733715,2.3206252527470212,-0.5331442969983778,1.0
-0.6573585368284293,1.4306329599474719,-0.2403895828807632,0.0
-0.28817780421759925,-3.025413560032338,-1.731238301415339,0.0
-0.5537648523381071,-2.046617862571151,-2.103559495339761,1.0
0.17201983532800197,-1.0774863695613937,1.302811628271887,0.0
0.24279781442934456,0.4510435069426153,-1.397676652715792,0.0
2.314335184025188,0.10681197450047376,-1.3280715975613475,0.0
-1.2967274147656107,0.5536148149901864,-0.16179346257916877,0.0
-1.9714373162973504,0.22366632706678383,0.34318413112939317,0.0
-0.359746689713269,0.6378072575439349,-0.5282947545711165,1.0
-0.034890867791753,0.07797975768770181,-0.7513325353020717,0.0
-1.847972425295355,1.6968910516782163,-3.5218123656986156,0.0
-2.0786473728489128,0.12257153150132315,-1.9704758220991052,0.0
-2.7803938227078464,0.5022711061773867,-1.8302079678179952,0.0
1.4384232427122268,-1.793502077183796,-0.24840031049908776,0.0
0.033670727952828244,-1.1980322665642043,-0.9069163961672503,0.0
-0.12122671079996816,-2.024970304916299,-1.3091545585806037,1.0
0.24921853840489389,-0.4902107242605689,0.08758199047457836,0.0
0.00995509527009018,0.6677402852149223,2.046212616951031,0.0
-3.1669857240256025,2.0089286757586686,0.6877123860596195,0.0
0.2958997496883473,-0.8139071053502497,-3.2065198843366747,1.0
-1.3266850783608812,-1.0636991375356848,-1.103677269226743,0.0
0.38657992518278295,-0.2333897542085595,0.15545944794298144,0.0
0.9369144263863153,1.6516132939329324,-0.2407326395408985,1.0
-0.8701484118908914,0.5738842191469153,2.0053893328519905,0.0
-0.9528424775302505,2.4323416317571827,0.41097625408530203,1.0
-1.0938554062719614,2.940818756253319,0.5159718574997963,1.0
0.2923291197832294,0.9027219164805749,-0.8249379835806911,0.0
-0.31624616847293563,-1.6564279987820687,-0.3182760955626278,0.0
-0.510161013462239,0.6273940463480105,1.3726683925896022,1.0
-0.5514376459707312,-1.3147053237736925,0.18009171860852569,0.0
-0.2123306582196775,1.9847177464518917,-0.23981032738291067,0.0
2.454813577120984,0.09259476512109192,0.23927774795636556,1.0
0.010318851186522706,-0.005477089313193312,1.0982368229311386,0.0
1.7335306452197823,0.5797325658156829,-0.7254060387985193,0.0
0.9407119224272062,0.9690212846500322,-1.23881528373806,0.0
1.8980239154463556,-0.3311225013734805,-1.0656218325374187,1.0
-1.286822886699383,1.0979475364822764,-0.6494002611019993,1.0
0.8656720454067066,-1.4783256283325168,0.053656637851723143,1.0
2.732771747817965,-0.3047064640394937,-1.6218276784833725,0.0
-0.3095579345376745,-0.43743653223838136,-0.907719087798379,0.0
1.2748467557770644,-3.4184426473330936,0.43665735975566405,1.0
1.62157759446665,0.7715362794291498,-0.15068125131744664,1.0
-1.0858116260521011,-2.0486115184274443,-1.192937007556564,0.0
0.9048340412460921,1.461550974332098,2.396655290051033,0.0
1.5724611781247964,-1.049054197281127,0.5939206561389896,0.0
-1.277743046110732,1.0297154985367811,-0.3842855129244425,0.0
-0.8641967627777357,-2.354673683703111,-1.0124981162089268,0.0
0.32196816185602245,-0.3622855477006783,-0.006445811130420854,0.0
-1.2961773610643703,0.14377415205893596,2.9639661719463763,1.0
-0.289930765574121,-2.1245398417048675,-1.8149456501792245,0.0
0.26927720020195295,1.0615517201226217,0.20511794290273208,0.0
-0.890767054174912,0.49399628442744514,-1.2627599603198727,0.0
0.006466559017438798,0.029600294799354922,0.9148991141424331,1.0
-0.5038581881521089,0.4036429469767302,3.271476470963086,0.0
0.5908888970992442,-0.9611794497696824,0.6806646614469706,0.0
1.687465377909852,-0.519445299233328,0.5688336298787875,0.0
-0.7523494693999137,1.2925045944168443,0.8433412032753151,0.0
1.1620809910366037,0.38311842530870965,-0.6433039344080035,0.0
-1.4290245751310198,-0.31247711494816255,-0.9577962938633537,1.0
1.0093329012893606,0.6909652836202765,0.23124865318730808,1.0
-0.08322230348227194,1.1659432327231518,1.1367636425251306,1.0
1.6670084363746853,0.7534108013795967,0.20642705537442385,1.0
-2.1892371883370854,1.1931489651348957,-0.19863588805906393,1.0
-0.08332073321309275,-3.065385513431473,0.46362200960120453,0.0
1.0236144399264928,-1.4065734965269545,-1.4476542743319019,0.0
0.6263111759460629,-0.7493012346299295,0.968751606488358,0.0
2.2736997197982856,3.6790154923343303,-2.3442512183716913,0.0
2.112070721948905,2.4844067012969697,0.8507283778870679,0.0
-0.9944366018882282,-1.2055447380615971,-2.702424722832357,1.0
-2.1917074081011862,-1.362957551898353,1.1677769889156153,0.0
-3.3392186051639596,0.03413686371939254,-0.46511437400749167,0.0
0.8806902954743275,0.3633180761473321,1.5307935147345642,0.0
0.24590928162696146,1.6081959515471393,-2.318483301136304,1.0
0.07111223454708936,0.22034453719062,0.9947793864469827,1.0
1.6509438857028522,-0.04135668406993325,-1.5256862767516821,0.0
1.59065369428804,0.6355291480159595,0.9190819721436095,0.0
-0.7694204584683797,0.0965081146863179,1.189713752571329,1.0
-1.328965958486157,0.7362492719831466,0.9738443945227444,0.0
0.03484399097946689,1.6460206083805249,1.3493757177036592,1.0
-1.905356422081671,-1.6028304458452647,-1.3019984151398356,1.0
-0.6680841181160332,0.8786915915030421,1.5237172815629607,0.0
0.8024327297887258,-0.5780595558001126,-0.28316482709046353,0.0
-1.8537636912209403,-0.595482978770833,1.6340935383965332,1.0
-0.37680215289981517,0.047860409538708994,-0.07223720660397008,1.0
-1.274282711560994,-0.2901008971950943,-0.5086655072504022,1.0
-2.3972657865791294,0.0022233188305840735,-1.3793559659765942,1.0
1.899655251034585,-0.9676411889391295,1.838713837109184,0.0
-0.9479723019579464,-0.7200118699736817,1.2165886627564364,1.0
0.317594092559033,-1.318099593308985,-0.8539612543332312,0.0
2.192522318141147,-0.6568071297405798,-2.000485484814782,1.0
-0.996219087485932,2.951296195689004,-1.6318558106786227,0.0
0.6054146381156055,1.815474276567393,2.0106608658148732,0.0
-0.18333119491091013,1.6796730247408995,1.6501665201392732,0.0
1.7614892225375285,-1.472718854571347,-0.1683681363042161,1.0
-0.99691080205901,-2.09658339367673,2.244568423942515,0.0
0.5174756471700055,0.6702068173386061,-0.823224451990049,1.0
-1.1042262610241527,-0.044713635766215766,1.2857316351557277,0.0
-2.6832972850619448,1.891800892302367,2.720462172416988,0.0
-1.909456146757354,2.4992590457649926,0.4159763395014795,0.0
-1.3210166714639913,2.339782618435776,-2.0896474971461227,0.0
-0.6128354013080715,-2.316587772844419,-0.7818829523285884,0.0
-0.11714353723628301,0.6148875779567574,-0.906822176373209,0.0
0.9306896899927335,0.501840323782962,0.880847169896029,0.0
-0.1729734143501382,-1.5451310904932727,-1.5633774983456583,0.0
-0.17856548220856308,-0.28661610853592634,1.3738985102667738,1.0
-0.4182329723514056,-1.879149045588973,-0.6174989004990278,0.0
-0.04269026911560093,0.915143465614318,-0.3129819048995621,0.0
-0.26365713387519923,-0.008424747208997597,1.4166101503391924,0.0
2.356728984003088,0.19010087228904587,0.19943621407815496,0.0
0.5439212191082808,0.9220886064881082,-1.3579413937945097,0.0
0.06793799705900187,-1.498745711036992,1.036134483168756,0.0
-0.2564360232652296,0.6704925816614788,-0.030866136826515317,0.0
4.318268069436259,-0.6240886222669922,-0.4269849103724418,1.0
1.6528322349727613,-0.13313777860112988,-1.6225597135568353,0.0
4.695772127164617,-0.6764200920201292,-1.6721901361419085,0.0
1.3022767683547214,2.230239279300137,0.10253391037187179,1.0
-3.9375050865520205,-1.0237861827449475,-0.8800878938097377,0.0
-1.033914562767446,0.4813306159426941,0.987473052837798,0.0
1.5967915496499623,-2.657988448585096,-1.7595633753320128,1.0
1.015054141716176,0.3070437527633615,-0.45221608506989297,1.0
1.3166426963108608,1.021706683754196,1.650840055594996,0.0
-0.3853540642358644,0.48255130488070147,0.8663417286028473,0.0
-0.18222206099685723,1.1459800873485122,0.4126496946958929,0.0
-0.38738734921383167,-1.4502826746305808,-0.4220216364942313,0.0
1.6096605920342228,-1.3406805723705895,-3.0212206668179364,0.0
0.6711242376991529,-1.2066067862332759,-0.0997352479854302,0.0
1.513162952233165,0.5489864157792644,0.509730631419656,1.0
-0.30662249948000797,0.36310773813124875,0.2158803747484155,0.0
-0.22210262393174673,1.0142000940830251,0.842370463324727,0.0
-0.3509204889723352,-0.10622998598480284,3.4683910538440976,0.0
-0.16751003452244934,1.8309915057889952,0.9076742875092321,1.0
-0.3711439409204526,-0.15255991449465658,0.7201586955669842,0.0
0.803712742735752,0.8836238312937414,-0.8433941449117126,1.0
-0.2636909533537656,1.2187569491231982,1.556345739323538,1.0
0.10115900501123314,1.555117526842509,0.7094901195331955,0.0
0.07024436836103425,-0.7978997379762734,-0.36236020438433353,0.0
-1.519754248637927,1.3414284239512686,-0.4310814954062074,0.0
1.9693022257725785,0.25949840554226267,1.7605101844521427,1.0
-1.6303348515871101,-2.3121145511082406,0.5706811265535566,0.0
0.10089848182736852,-1.1165830411929285,0.7399444519906302,0.0
1.4810321460451847,-1.4932626239436049,-0.2769581910611,1.0
-1.9476027631138428,0.6406461839954904,0.7418840242884023,0.0
0.4350012534042541,-0.519683096520233,-1.8682556210310852,0.0
0.8607828698303193,-0.7746653257610769,0.683697454919471,1.0
1.4695824455757047,0.4222792227042273,-0.7400257822314472,0.0
-1.1435635964266528,0.022200895216620203,0.9321360399490777,0.0
0.06661043833858203,0.8926755927114874,-1.2400050062506898,1.0
0.0815868618077266,0.9350823419253083,2.753843334582023,0.0
-0.8111017220578145,-0.3762230424432644,-2.0656932515048716,1.0
-0.36797349091977805,-0.6165934503061732,-1.1423437145600728,1.0
1.9442147098664135,-2.7025724811850416,0.21892039008501762,0.0
0.6825377245862784,0.3461460302290727,-1.5780961749286408,0.0
0.9974776339263608,1.535357409148034,1.950790714842078,1.0
-1.5661509549929213,1.5048531208645648,-0.09810394414033227,1.0
-1.7967539962711736,-0.31626234731112773,-0.7750246625853405,1.0
-0.7393793403160321,-0.5023103291874215,0.28049406333734345,1.0
-0.5748163095978144,-3.0794627367024296,0.4403291547442639,0.0
-1.8078823503128025,-0.9661761726174927,1.6788500758000937,0.0
-1.15189827788543,0.16179828571057003,-0.14057829210116182,0.0
0.26647345271055584,-1.2890705246414538,1.2558283000390251,0.0
0.05046359389919094,-1.3675616275237208,-1.2525202323901738,0.0
-0.30552163414603023,0.9865509358802026,-0.6596735485134394,0.0
1.518206595255254,1.0467787229084098,0.6955100061189581,0.0
2.0187950526816816,1.7325662095933154,-0.16695404091543967,0.0
0.07893655898615927,0.24780706622940044,-0.02302371773371778,1.0
-1.570016441336421,-0.40942537573695637,-1.2905015636445925,1.0
0.09547322335987163,-2.1119055282067887,-0.8606395019495366,0.0
-1.3067861330367556,-0.16386420194736526,0.1203488003843513,0.0
2.265045855921713,-0.3764591858011914,-0.7171713689209976,1.0
-3.0783821462556373,1.4563520691743665,-1.1833281574008219,0.0
1.4687994270370561,0.6518803675131994,-0.6356603529468279,0.0
3.448120401811113,0.07750265633676605,1.426463299955064,0.0
-0.14623610855584288,0.4333783738204009,-0.7707065544278422,0.0
-3.2839623033802408,-0.2152691553688196,2.096569014848042,0.0
-1.1306829551456108,1.0575532853512857,0.47258621333057815,0.0
-3.7595076351413708,2.313340358759443,1.5188567476647863,1.0
2.023572568960314,0.6413333654648503,-0.5166375342006831,0.0
-1.1420055856242517,0.41637815120206445,-2.499808762842197,0.0
-1.0390111148745207,-1.2909472650975158,1.7947527124156308,1.0
0.26992929382490677,-0.08418780469133559,1.3755479735307237,0.0
2.1233284831855026,0.8397504775428648,1.4870505863711703,0.0
-0.437277674162245,0.23367973725085686,2.2152269073819775,0.0
-2.1770948177671707,-0.06516160474395419,-1.2004099115726952,0.0
-3.261774441971014,1.3260904290720177,-1.6123951155407774,0.0
1.4547607385822399,1.3555453034039242,-0.1843918552620875,0.0
-1.1215987434194745,-1.125347156922959,0.24480422418340428,0.0
-0.008211019026520404,-0.37355822499161373,0.31198117344621223,1.0
-0.656474000462608,4.3385903337952145,-0.46511599471264303,1.0
-0.9430177105823245,-2.364218591922105,1.3074902576709886,0.0
2.088846119493747,0.5594827322834494,-0.3591040719811762,0.0
0.04555909562357154,0.8190113899018937,-0.6072913372059587,0.0
-0.42038299341495416,1.0196427870787148,-2.4980842345723335,0.0
1.7465083834516095,0.7050947573940475,-1.0380913113601893,0.0
-2.9368240114762028,-3.0514920489046498,-0.810066466813535,0.0
0.68842492884972,0.8274263316884349,0.3028117552433542,0.0
-0.4289145487002712,0.19806492576425744,0.7337547129533267,1.0
1.3347811133393883,-1.774428339745478,-0.2372934739456853,0.0
0.8252656782267416,2.2447847909470466,0.6213715457998552,0.0
2.049735717002819,-0.696684401086874,-1.00827392228029,1.0
-1.0482400491160015,0.3539625422046064,-0.4099622999632671,0.0
-0.6050897005798781,1.0276896486934508,-1.7550379467113812,1.0
1.6674535407960338,0.33605694426276017,1.403911509189396,0.0
0.3633979779698479,-2.2540428906926793,-0.6455419482965079,0.0
1.3724205554736724,2.403601875642354,0.23051692917741579,1.0
-1.198069080460509,1.8858507506401665,1.2180438095587272,0.0
0.08508009946642192,-0.8262381468113825,-0.3438508104099484,0.0
1.8088379512684745,-0.5641771414700353,1.5034238653428518,0.0
0.9417259536713157,-2.0885048262661856,2.0461242637679438,0.0
-0.5355737149653828,0.7900621899174447,-0.7728037642090151,1.0
2.5894745715209715,-0.3650252823004009,1.857163735804586,0.0
1.0732917883130113,-1.4376931615373465,-0.549809693239748,0.0
-0.2270926853218075,0.5833453500529625,-2.0913532852565893,0.0
0.45249589132799956,-0.5592369923031,0.9119806177232096,0.0
1.5919240287899246,-2.3292492668949234,-1.1699951589060575,0.0
0.09823166833585605,-0.08423556326293011,0.47397992503779857,1.0
1.199797010502392,-1.5321501509497306,-0.8631249381770155,0.0
-0.21021761430541683,0.7637034325584174,2.81911945851016,0.0
0.5085581447312122,-2.5813161386317356,0.2118874672183733,0.0
3.1709677095936097,-0.6089673563117632,-0.8321830410053762,0.0
1.3255205276129811,1.4334942669019244,0.15437304357538856,0.0
-1.3542352254249272,0.7613677353835974,-1.3593391313317875,0.0
-2.7840046919389834,-0.6892466647027998,-1.3073495171198473,1.0
-1.000421665300527,0.7780535290022758,-2.498298458353132,0.0
-2.251134091750253,1.2440331087624836,0.4631590024011162,0.0
2.2221903592117416,-0.23075681671043793,2.424336590791542,0.0
-0.7832094657185079,2.0075398460090605,0.7673503290512458,1.0
-2.429758735569156,-0.792006371232343,-0.4614556751711157,0.0
0.11601975619709118,-0.39884175695671165,0.8329933445966412,0.0
-0.9045892319196824,0.08382221858505298,-1.1916918923872484,0.0
-1.6053259340292183,0.9656980639705852,0.8464394862732283,0.0
-2.1313461765115536,-1.6555142323910719,0.8572262343388458,0.0
1.2734355312711354,2.7121894727013096,-1.96877803628924,0.0
0.9330110825184847,0.6998622429735348,0.8642694255973187,0.0
0.8119348852722409,-1.0800807749348906,-0.5195238866515808,0.0
-0.0991549985369546,0.09694619705800077,-0.9771578145625177,0.0
1.621288617901908,-0.6763234342454378,2.054158154955368,0.0
-0.4541290172638823,-0.8787544799790439,-0.49815026778306076,0.0
0.3384919192991991,0.038103062424902204,-0.4233497306757397,1.0
-0.9735022012678761,0.17580241164415955,-1.2521440021216532,1.0
0.730284214738846,3.6034560595943272,0.8817299039508063,0.0
0.8124027861133113,-0.37936986954025775,1.1626050538811823,0.0
-1.8566657354158072,-0.32551656080267444,-2.434164937904552,0.0
-0.8945835327722006,1.7265409194015149,-0.935512699248032,1.0
2.64303169796014,1.1619106052609673,-0.8779418964961515,1.0
0.718425899181213,1.9664057140328308,-1.4915576574052731,0.0
-0.6698047824628778,-0.7582371937913861,-2.4158121835796367,1.0
-1.5377085696726653,1.1126240294311343,-1.756396697391137,1.0
0.5598279737101967,-0.24433521331402663,-2.7780475876464363,0.0
0.4202162301253314,-0.45658643657842896,0.04283392671381222,0.0
-0.5760559442299883,-2.8971638449784787,-0.35765897529948526,0.0
0.6002425263310599,-0.026679879365632476,0.8238317150542511,0.0
0.3132689258522047,-0.18808232775138495,-0.34449674868113633,0.0
-1.0354691147395338,0.37563197537506904,-0.8707923370783275,0.0
0.4585560452723358,-0.917614893067895,-0.791812789799007,0.0
-0.8745038916709532,3.7626075080585033,0.8438835041404208,0.0
-0.3569530550555431,0.26074636374129195,-0.7314439260733795,0.0
0.7245116502123049,-1.830356548990732,0.9059903275851864,0.0
-0.9457796373575776,0.21724279963050347,-1.5691592887817767,0.0
1.2587189407282955,0.7138384700734296,-0.4118048315965158,0.0
-1.899146154424741,0.581816910357506,-2.389885345823391,1.0
-3.0156397890758098,0.7902306570863574,1.7989655412984806,0.0
0.8998014168399979,-0.04736187431794358,1.289193506349888,0.0
-1.4375261985127705,0.7626464882097068,-1.4614412360325852,1.0
-0.2503615338284947,-1.325986065087278,-1.1954432406462205,0.0
-0.10831973748832169,-1.237364564123481,-1.0690709486564132,0.0
-1.9920993775726088,-0.8133415243759257,0.6636124156993557,1.0
-2.3663438180796046,1.567359920357599,1.348158923780585,0.0
2.3192203991029077,-3.118027115871024,1.4845786817682256,0.0
-0.005886277983695315,0.5033284602724828,0.6233105590110803,1.0
0.3992332678906332,0.20312874941658474,-2.8392835870616007,0.0
-1.5321577376690156,-0.3039307553408982,1.230576111976988,1.0
1.37965958434842,1.5197449295390086,-1.4103031860655937,1.0
-0.05398128955821171,1.08240883167247,1.3797432927055773,0.0
0.1582385617841272,2.828094364363637,-1.559187040165884,1.0
-1.3362081930103038,-0.6368937654777361,0.17567015754920992,1.0
0.4381565147169597,-2.3615842053818143,-3.420089220073322,1.0
0.287403041067018,-1.8430408820024147,1.047671118923243,0.0
-1.4564031708915175,-1.6321736316147606,1.9027575144649314,1.0
-1.0172453917619235,0.061333311002479005,-2.3698114648961224,0.0
1.028136509853559,0.20662807354676974,-0.32038498139377114,1.0
-1.4396607103357417,0.8968302146641486,-1.2201329498603264,1.0
1.9327697464484974,0.8087744920527593,1.4881067972727757,0.0
1.9060253954607689,-2.9088109685520473,2.5052320940209003,1.0
-1.5516975760620368,1.130967376329996,-0.6601510584179583,0.0
-1.2629787363827927,-0.2450795083204053,2.9912553776062847,0.0
0.923037531499433,0.498664517081546,0.06396744610924793,1.0
-3.189879821339188,0.7700612771253714,0.09745411273309526,1.0
-0.746479126080587,-0.33026073209095874,3.8077146129800847,1.0
-2.5015355401192108,0.09515176427679493,-1.5643845438344561,0.0
0.06344956310425401,0.22251041702177532,-0.035062637373735495,1.0
-0.41170367858928153,0.36828598190166373,-0.08852027109668617,0.0
1.0801895842631055,2.998795088536023,0.6364189581909937,0.0
-0.2551484154154303,1.9602043911425644,-3.5400210757212767,0.0
1.804594322315589,0.07167694163268945,-1.3377821318589627,1.0
1.6567811379916202,0.17145898909030322,-1.1741821532065189,0.0
-1.3691936094406485,-0.38198488001991177,-0.13914041397318122,0.0
1.2917426289244638,0.20727892735503026,-0.15973609033264327,1.0
0.2124659625713838,-1.4860958748426962,0.5517730947125304,1.0
0.8773069626013879,-0.06061795040474708,0.3669485585582163,0.0
-0.420345105454939,-0.9349388954650595,-0.24939046755493793,0.0
-0.9841492478595507,0.09545497398746193,0.35757520806733867,0.0
-0.9374672631162253,-1.387673328449828,0.31741152699228686,0.0
1.6171676482542598,1.589905205700372,-0.44889419169116085,0.0
-2.5371097623587264,0.8376637794576716,0.12467385370715779,0.0
-0.4542706545439449,1.2825245503119949,0.021234875976401352,0.0
-0.035689555071390364,1.1645088081162427,4.202755045887445,0.0
1.4356959299388306,-2.0727393523746804,-1.4533544754851577,0.0
-0.5882657747125565,0.953695232040748,0.46794965452973,1.0
-1.260592246383571,-1.5075665175000117,0.984550643847338,0.0
2.5933984188445742,-0.24009124895734377,-0.6305521907666132,0.0
1.523037883939873,0.5566993974485199,3.3236356834494134,1.0
0.7461314152353827,1.6726854863850147,1.7172231953520356,0.0
0.018259754093942898,1.8116219631324184,0.1284794727326908,0.0
0.5517546538363985,0.8563171025463441,1.3936074060592283,0.0
3.0492257898835664,-1.1641768505673946,0.7819691625302182,1.0
0.48609374323470556,0.7883165832899865,-0.2314463293977825,0.0
0.5344219405514219,-0.39914507587555687,0.32544574232176027,0.0
-0.45866866373668164,0.29161261512862674,0.4571684293644527,1.0
-3.211015956640619,-1.3184973808183211,-1.7947812205952565,0.0
1.8529284240216353,0.9314271723775682,2.2253425845276507,1.0
1.146225978638093,-1.119160462381871,-0.10309321926473763,0.0
-0.23877565878634338,-1.4394127411123736,-0.7632217999267866,1.0
0.7292718230164016,0.2004532554887586,0.8369039900261919,0.0
-2.651079272315768,-0.6274688304472504,-0.21868577258502597,0.0
-0.3618823718944084,-0.13555734101805356,-0.28711913368692965,0.0
-0.34833896409170423,0.11567424558410898,1.0598817740180186,1.0
0.8019719872153164,-0.5527344275457755,-0.6100927438326323,0.0
-0.30971755628932,-0.8162456504026016,1.1454797436679223,0.0
-0.09526950651223183,-2.421815141791557,0.7811754674433696,0.0
-0.4510577748962531,0.3377134346690209,0.4033187670060939,0.0
0.27149409007129566,1.2111556051132109,-0.24903406879677423,0.0
0.28482900440082964,-1.0855349835745771,1.2969922115218533,0.0
-0.3172255008057555,-2.0375703479511995,-0.25926861888182046,1.0
0.5811868780013864,0.13357463554688406,0.31124487253809335,0.0
